kpi_sk,sensor_id,sensor_name,equipment_name,process_area,kpi_date,total_readings,avg_reading,min_reading,max_reading,stddev_reading,median_reading,p95_reading,warn_count
ca6ab2efb8aa235bcbf0571dd32f74d2,S-VIB-101,P-101A Vibration,P-101A Crude Transfer Pump,Separation Train,2025-09-02,8714,11.81,9.71,14.19,1.29,11.81,13.93,265
b33a896472eff5811581968dbb9d9e80,S-VIB-101,P-101A Vibration,P-101A Crude Transfer Pump,Separation Train,2025-09-03,14191,11.94,9.87,14.05,1.2,11.94,13.91,365
38aa932d6e1d45379883829e9c975b7c,S-VIB-101,P-101A Vibration,P-101A Crude Transfer Pump,Separation Train,2025-09-04,11219,12.08,10.3,14.05,1.1,12.08,13.88,283
94a25147b148f166568abeb439f85d12,S-VIB-101,P-101A Vibration,P-101A Crude Transfer Pump,Separation Train,2025-09-05,14582,11.97,9.83,14.14,1.12,11.97,13.8,113
566644d55aab3a59e9659f59564d67cf,S-VIB-101,P-101A Vibration,P-101A Crude Transfer Pump,Separation Train,2025-09-06,10911,12.07,9.74,14.36,1.25,12.07,14.12,142
9bcb77d06a2654c073a1662e324c667d,S-VIB-101,P-101A Vibration,P-101A Crude Transfer Pump,Separation Train,2025-09-07,11733,11.85,9.76,13.98,1.27,11.85,13.94,106
d0a96ac5560bdea6a634a628f522728a,S-VIB-101,P-101A Vibration,P-101A Crude Transfer Pump,Separation Train,2025-09-08,12515,12.13,9.75,14.53,1.27,12.13,14.21,144
bd47f6007097e7ecf8370085d2eb93a6,S-VIB-101,P-101A Vibration,P-101A Crude Transfer Pump,Separation Train,2025-09-09,13358,12.16,10.19,14.21,1.23,12.16,14.17,355
c38d1c030fd2e840612537fccf7fc49d,S-VIB-101,P-101A Vibration,P-101A Crude Transfer Pump,Separation Train,2025-09-10,11772,11.94,10.06,14.0,1.14,11.94,13.82,314
7d171bcf29cf65ef0c8039549c172def,S-VIB-101,P-101A Vibration,P-101A Crude Transfer Pump,Separation Train,2025-09-11,13641,12.17,10.36,14.04,1.0,12.17,13.81,305
7502214477b4fb556a0acd5f96c9a66c,S-VIB-101,P-101A Vibration,P-101A Crude Transfer Pump,Separation Train,2025-09-12,14359,11.94,9.94,13.85,1.14,11.94,13.81,134
54c218289d3e3a739ab50eb58c74d63b,S-VIB-101,P-101A Vibration,P-101A Crude Transfer Pump,Separation Train,2025-09-13,10431,11.83,9.53,13.98,1.26,11.83,13.9,327
3f955a5acd9666809784664af6fdb76e,S-VIB-101,P-101A Vibration,P-101A Crude Transfer Pump,Separation Train,2025-09-14,15968,11.94,9.93,14.03,1.25,11.94,14.0,461
c6b77182f33ac277900d41b04a26e4a0,S-VIB-101,P-101A Vibration,P-101A Crude Transfer Pump,Separation Train,2025-09-15,13314,12.09,10.2,14.12,1.14,12.09,13.96,237
cdaeb5cbd5285452138a33e2abd556ea,S-VIB-101,P-101A Vibration,P-101A Crude Transfer Pump,Separation Train,2025-09-16,9329,11.92,9.98,13.98,1.19,11.92,13.88,358
222af19f6b600f3db3f7e76f3a532c53,S-VIB-101,P-101A Vibration,P-101A Crude Transfer Pump,Separation Train,2025-09-17,11048,12.07,9.96,13.92,1.09,12.07,13.86,316
e61928c015e4c9cf236192be38e0a4d5,S-VIB-101,P-101A Vibration,P-101A Crude Transfer Pump,Separation Train,2025-09-18,14312,11.96,10.05,14.04,1.09,11.96,13.74,175
20254b8261a7fe30aa9cc64d449bc7d6,S-VIB-101,P-101A Vibration,P-101A Crude Transfer Pump,Separation Train,2025-09-19,11594,12.04,9.94,14.19,1.13,12.04,13.89,200
e581a543d046889b9bd314d7886742af,S-VIB-101,P-101A Vibration,P-101A Crude Transfer Pump,Separation Train,2025-09-20,10469,12.29,10.24,15.68,1.17,12.29,14.21,138
27d9fdcb32c8f3d8a5ed18789ff06b10,S-VIB-101,P-101A Vibration,P-101A Crude Transfer Pump,Separation Train,2025-09-21,13018,12.06,9.78,14.55,1.38,12.06,14.32,302
de25d0b08f2e8bc331dbefc38109b5a1,S-VIB-101,P-101A Vibration,P-101A Crude Transfer Pump,Separation Train,2025-09-22,11576,12.11,10.04,14.39,1.17,12.11,14.04,38
cec80477e19b638b2824dac69432bd05,S-VIB-101,P-101A Vibration,P-101A Crude Transfer Pump,Separation Train,2025-09-23,10774,12.36,9.57,15.35,1.55,12.36,14.9,115
7d0a04d693a9ae4cc6ef826900fa5974,S-VIB-101,P-101A Vibration,P-101A Crude Transfer Pump,Separation Train,2025-09-24,15630,11.93,9.8,13.74,1.13,11.93,13.77,87
19660d1f5bffc98f6aa28de2c592c859,S-VIB-101,P-101A Vibration,P-101A Crude Transfer Pump,Separation Train,2025-09-25,10652,11.81,10.12,13.65,1.0,11.81,13.45,309
be703dce34b6b012b3f43a0725f17e05,S-VIB-101,P-101A Vibration,P-101A Crude Transfer Pump,Separation Train,2025-09-26,15510,12.18,10.34,14.09,1.14,12.18,14.05,230
dbd9de5be14ec061f5f80aa291ce0219,S-VIB-101,P-101A Vibration,P-101A Crude Transfer Pump,Separation Train,2025-09-27,14149,11.85,9.34,14.08,1.3,11.85,13.99,291
07a854b0441b5fae7f8baaa88072bd5c,S-VIB-101,P-101A Vibration,P-101A Crude Transfer Pump,Separation Train,2025-09-28,15244,11.88,9.69,13.91,1.25,11.88,13.94,543
cf7afcb3f37937e567d6f9d3ef19c8a7,S-VIB-101,P-101A Vibration,P-101A Crude Transfer Pump,Separation Train,2025-09-29,10047,12.28,10.11,14.62,1.22,12.28,14.28,310
32a2ab2ffcbc7511816ef924f8584924,S-VIB-101,P-101A Vibration,P-101A Crude Transfer Pump,Separation Train,2025-09-30,10684,12.2,10.08,14.53,1.25,12.2,14.25,102
7d186a824c0726fd8a67906dd5a9cea9,S-VIB-101,P-101A Vibration,P-101A Crude Transfer Pump,Separation Train,2025-10-01,13293,12.3,9.96,14.62,1.41,12.3,14.6,465
ef65655b53a35a776ba3ebfa997e315a,S-VIB-101,P-101A Vibration,P-101A Crude Transfer Pump,Separation Train,2025-10-02,8358,11.84,9.57,14.32,1.28,11.84,13.93,4
998cc277063f521160114595db8c4fcc,S-VIB-101,P-101A Vibration,P-101A Crude Transfer Pump,Separation Train,2025-10-03,9571,12.25,10.26,14.48,1.21,12.25,14.24,265
2189212a198f97a876495ee54b9ff3d0,S-VIB-101,P-101A Vibration,P-101A Crude Transfer Pump,Separation Train,2025-10-04,14129,11.84,9.69,13.99,1.16,11.84,13.74,69
b1c5d1fe4cd9cca5808110819e58539e,S-VIB-101,P-101A Vibration,P-101A Crude Transfer Pump,Separation Train,2025-10-05,12648,12.09,10.07,14.04,1.14,12.09,13.96,483
1d3fbf335bfae83cd148187cb538bab9,S-VIB-101,P-101A Vibration,P-101A Crude Transfer Pump,Separation Train,2025-10-06,12168,11.87,9.74,13.98,1.17,11.87,13.8,68
c5e51e15fc2c29b91f866342e36d9fe2,S-VIB-101,P-101A Vibration,P-101A Crude Transfer Pump,Separation Train,2025-10-07,10291,12.04,9.15,14.76,1.5,12.04,14.5,192
c04c84a63c1130bd69ad8a8039774a47,S-VIB-101,P-101A Vibration,P-101A Crude Transfer Pump,Separation Train,2025-10-08,13074,12.06,9.53,14.6,1.34,12.06,14.26,277
7c413656c899ab1ab35b9247a7406831,S-VIB-101,P-101A Vibration,P-101A Crude Transfer Pump,Separation Train,2025-10-09,14278,11.81,9.82,13.78,1.14,11.81,13.67,495
9e0771e2eb2f244ff1ad5c43bbc4387a,S-VIB-101,P-101A Vibration,P-101A Crude Transfer Pump,Separation Train,2025-10-10,10192,12.38,10.41,14.33,1.05,12.38,14.1,27
bb6404f4074b470cff6e2216cef09320,S-VIB-101,P-101A Vibration,P-101A Crude Transfer Pump,Separation Train,2025-10-11,11631,11.93,9.81,14.28,1.24,11.93,13.97,428
94961e8f169f6eaaadb33d631c0a33da,S-VIB-101,P-101A Vibration,P-101A Crude Transfer Pump,Separation Train,2025-10-12,12788,11.93,10.03,14.83,1.18,11.93,13.87,27
8604df21dfc570e056400a6adc83eb4f,S-VIB-101,P-101A Vibration,P-101A Crude Transfer Pump,Separation Train,2025-10-13,9324,12.08,9.82,14.38,1.32,12.08,14.25,326
3cd05ed6be1dff5ee219ae7949b8eaf2,S-VIB-101,P-101A Vibration,P-101A Crude Transfer Pump,Separation Train,2025-10-14,14341,12.06,9.92,14.06,1.19,12.06,14.01,28
e7aee8fa6204ede700e180489ba37bde,S-VIB-101,P-101A Vibration,P-101A Crude Transfer Pump,Separation Train,2025-10-15,14809,11.8,9.22,13.97,1.34,11.8,14.0,499
2436f6014c2ed76fff2d1c0403fd7320,S-VIB-101,P-101A Vibration,P-101A Crude Transfer Pump,Separation Train,2025-10-16,14405,11.8,9.71,13.94,1.14,11.8,13.68,77
c2458fc44d0c4d6447f50314bdaa1b4c,S-VIB-101,P-101A Vibration,P-101A Crude Transfer Pump,Separation Train,2025-10-17,15221,11.95,9.81,14.27,1.22,11.95,13.95,389
0cdb3b4cea9e4111753f1e439116e996,S-VIB-101,P-101A Vibration,P-101A Crude Transfer Pump,Separation Train,2025-10-18,9998,11.93,10.27,13.66,0.99,11.93,13.56,146
364f7f41e7afdfeb1a01b6174074c4c7,S-VIB-101,P-101A Vibration,P-101A Crude Transfer Pump,Separation Train,2025-10-19,10131,11.94,9.91,14.14,1.19,11.94,13.9,371
e186d26c5aa067c0b451d6de8cfdb8fc,S-VIB-101,P-101A Vibration,P-101A Crude Transfer Pump,Separation Train,2025-10-20,14833,12.21,9.92,14.59,1.25,12.21,14.27,316
0b78494709d951fbfb398d856530d22b,S-VIB-101,P-101A Vibration,P-101A Crude Transfer Pump,Separation Train,2025-10-21,11847,12.01,10.15,14.09,1.12,12.01,13.84,407
5bd6ed7aaf1f197bb40bf28bd1f2c30d,S-VIB-101,P-101A Vibration,P-101A Crude Transfer Pump,Separation Train,2025-10-22,15351,12.21,10.11,14.6,1.29,12.21,14.33,84
0d26eaa6d82c6861ed939790118f9e57,S-VIB-101,P-101A Vibration,P-101A Crude Transfer Pump,Separation Train,2025-10-23,9056,11.79,9.66,13.85,1.14,11.79,13.66,342
e04d83c60cb00c72883fad2b9937647a,S-VIB-101,P-101A Vibration,P-101A Crude Transfer Pump,Separation Train,2025-10-24,8720,11.78,9.92,13.81,1.12,11.78,13.62,199
a71999cf1c172792fb0b8abf5aa46b5b,S-VIB-101,P-101A Vibration,P-101A Crude Transfer Pump,Separation Train,2025-10-25,10027,11.59,9.26,13.9,1.24,11.59,13.62,240
ea29009a4f98031353d3bc1995690adf,S-VIB-101,P-101A Vibration,P-101A Crude Transfer Pump,Separation Train,2025-10-26,9113,12.11,10.26,13.75,1.01,12.11,13.76,282
27962ba3f046135fbd865c55707784cc,S-VIB-101,P-101A Vibration,P-101A Crude Transfer Pump,Separation Train,2025-10-27,15449,12.15,9.67,14.69,1.33,12.15,14.32,225
3ed057f1ff406aa3ca9e8c1f3fd4f6cd,S-VIB-101,P-101A Vibration,P-101A Crude Transfer Pump,Separation Train,2025-10-28,12257,11.97,9.79,14.37,1.25,11.97,14.02,357
6efc8489b5bbf47d929cd69535bc17e9,S-VIB-101,P-101A Vibration,P-101A Crude Transfer Pump,Separation Train,2025-10-29,10515,11.87,9.92,13.93,1.1,11.87,13.67,414
53d2c4d85136832260c4b3c37285edbd,S-VIB-101,P-101A Vibration,P-101A Crude Transfer Pump,Separation Train,2025-10-30,8039,12.15,9.84,14.55,1.27,12.15,14.23,189
4d740448876ffdd3d61fc9a22113ca51,S-VIB-101,P-101A Vibration,P-101A Crude Transfer Pump,Separation Train,2025-10-31,13742,11.92,9.63,14.05,1.21,11.92,13.91,252
f455e788bb1486fe8b3e9547c9bf6a89,S-VIB-101,P-101A Vibration,P-101A Crude Transfer Pump,Separation Train,2025-11-01,10523,12.08,10.01,14.45,1.26,12.08,14.15,370
88332ebd0c27cf5292ff582ebea52ee6,S-VIB-101,P-101A Vibration,P-101A Crude Transfer Pump,Separation Train,2025-11-02,11538,11.92,9.47,13.97,1.26,11.92,13.97,300
f6927a180f74e6c8c3f5631bd3988c1b,S-VIB-101,P-101A Vibration,P-101A Crude Transfer Pump,Separation Train,2025-11-03,12986,12.04,9.96,14.17,1.26,12.04,14.11,102
27aac3f7f5c892740c244d3533aef910,S-VIB-101,P-101A Vibration,P-101A Crude Transfer Pump,Separation Train,2025-11-04,8723,11.93,9.91,15.78,1.26,11.93,14.0,279
636dc5d44747b19241cd0e4f83e18881,S-VIB-101,P-101A Vibration,P-101A Crude Transfer Pump,Separation Train,2025-11-05,15705,11.58,9.43,13.68,1.12,11.58,13.41,438
af7620b1d35c1dd94c5d5d398582370d,S-VIB-101,P-101A Vibration,P-101A Crude Transfer Pump,Separation Train,2025-11-06,9908,12.24,10.12,14.2,1.19,12.24,14.19,249
d3e272efb7a9df6d0ac5bea1d136dd2a,S-VIB-101,P-101A Vibration,P-101A Crude Transfer Pump,Separation Train,2025-11-07,8688,11.89,10.16,13.6,1.02,11.89,13.57,340
07deddaf1f74fd4d36b64bbafb266084,S-VIB-101,P-101A Vibration,P-101A Crude Transfer Pump,Separation Train,2025-11-08,14809,11.75,9.74,14.02,1.25,11.75,13.8,420
408785d8a00708f8ae38f2c0e878dc73,S-VIB-101,P-101A Vibration,P-101A Crude Transfer Pump,Separation Train,2025-11-09,11292,11.89,9.89,14.1,1.14,11.89,13.75,287
073204ddba9f183d7ec0a4707b408068,S-VIB-101,P-101A Vibration,P-101A Crude Transfer Pump,Separation Train,2025-11-10,9385,12.06,9.94,14.46,1.24,12.06,14.1,262
5d9c34ed99c2e49e79b353eb8a06871f,S-VIB-101,P-101A Vibration,P-101A Crude Transfer Pump,Separation Train,2025-11-11,10059,12.2,10.03,14.42,1.25,12.2,14.24,47
ca7e650436a7f8f318bd866af7655488,S-VIB-101,P-101A Vibration,P-101A Crude Transfer Pump,Separation Train,2025-11-12,13193,12.01,9.88,14.09,1.22,12.01,14.01,334
4d0883626642cc2fa5e4308ab823c7f3,S-VIB-101,P-101A Vibration,P-101A Crude Transfer Pump,Separation Train,2025-11-13,15771,11.85,10.12,14.66,1.01,11.85,13.51,299
8a5e049d4fcbb9b45a2414c6a2d13f18,S-VIB-101,P-101A Vibration,P-101A Crude Transfer Pump,Separation Train,2025-11-14,11294,12.2,10.2,14.15,1.08,12.2,13.98,294
1e520736bc479b020c99a77e5a4f6e1b,S-VIB-101,P-101A Vibration,P-101A Crude Transfer Pump,Separation Train,2025-11-15,12933,11.94,9.52,14.26,1.33,11.94,14.12,265
e3af9980c2b26f55f2412e52ec5cde21,S-VIB-101,P-101A Vibration,P-101A Crude Transfer Pump,Separation Train,2025-11-16,10529,12.26,10.11,14.59,1.21,12.26,14.24,336
2e7039633d16c72be2be8ece899d1069,S-VIB-101,P-101A Vibration,P-101A Crude Transfer Pump,Separation Train,2025-11-17,9967,11.85,9.77,14.27,1.28,11.85,13.95,133
bbe98de38ebf6a04374ede9d0f940d59,S-VIB-101,P-101A Vibration,P-101A Crude Transfer Pump,Separation Train,2025-11-18,10515,11.94,9.84,14.39,1.31,11.94,14.1,360
1761eece081eac8cf872525363beda35,S-VIB-101,P-101A Vibration,P-101A Crude Transfer Pump,Separation Train,2025-11-19,11321,12.16,10.24,13.99,1.11,12.16,13.99,450
994533823bf61a4e63d000a510946503,S-VIB-101,P-101A Vibration,P-101A Crude Transfer Pump,Separation Train,2025-11-20,10978,12.08,9.99,14.16,1.13,12.08,13.94,281
d06c409ca4aa9d88c70519c0dabfaa72,S-VIB-101,P-101A Vibration,P-101A Crude Transfer Pump,Separation Train,2025-11-21,10669,12.14,10.08,14.2,1.24,12.14,14.18,422
f82b62c5e7438f045b3fc4234a0adfb7,S-VIB-101,P-101A Vibration,P-101A Crude Transfer Pump,Separation Train,2025-11-22,8085,11.83,10.02,13.95,1.09,11.83,13.62,126
a6be234c62eaef2f68a6308e6c9674d9,S-VIB-101,P-101A Vibration,P-101A Crude Transfer Pump,Separation Train,2025-11-23,10628,12.02,9.99,14.2,1.23,12.02,14.04,385
3c5307a370536a321d289f88b4dc37ce,S-VIB-101,P-101A Vibration,P-101A Crude Transfer Pump,Separation Train,2025-11-24,8640,12.08,10.29,13.8,1.01,12.08,13.74,170
1e0502d2f513856e6fa7963ff50a1e41,S-VIB-101,P-101A Vibration,P-101A Crude Transfer Pump,Separation Train,2025-11-25,8111,11.7,9.68,13.7,1.1,11.7,13.5,247
c4394f7af8d65093865d7a432865fb30,S-VIB-101,P-101A Vibration,P-101A Crude Transfer Pump,Separation Train,2025-11-26,8672,12.04,10.18,13.97,1.08,12.04,13.81,167
a560f5958c5f553710a4dffe3c1ea718,S-VIB-101,P-101A Vibration,P-101A Crude Transfer Pump,Separation Train,2025-11-27,12250,12.37,10.22,14.65,1.19,12.37,14.32,166
1cb4aeb22172f910e08e11a922c9c2ed,S-VIB-101,P-101A Vibration,P-101A Crude Transfer Pump,Separation Train,2025-11-28,14149,11.84,9.67,14.13,1.19,11.84,13.79,191
f5ddaf0d4bc76985b70c635b63554b0b,S-VIB-101,P-101A Vibration,P-101A Crude Transfer Pump,Separation Train,2025-11-29,10531,11.97,10.06,13.94,1.12,11.97,13.81,3
9f1de9e216f0a109d75d468703090695,S-VIB-101,P-101A Vibration,P-101A Crude Transfer Pump,Separation Train,2025-11-30,9532,12.05,9.92,14.04,1.09,12.05,13.84,182
54913a2adc6f9eca0cb59233cf544d87,S-VIB-201,K-201 Vibration,K-201 Gas Compressor,Gas Compression,2025-09-02,15878,18.11,15.26,21.05,1.52,18.11,20.6,72
34f51b03e36d55e807e5af0a7940c2d3,S-VIB-201,K-201 Vibration,K-201 Gas Compressor,Gas Compression,2025-09-03,14091,18.6,15.37,21.76,1.76,18.6,21.49,554
affed72439ac9d81f1a620becd6adff4,S-VIB-201,K-201 Vibration,K-201 Gas Compressor,Gas Compression,2025-09-04,9232,18.55,15.42,21.24,1.67,18.55,21.28,363
26a99523e82ef868b583d91349ca92fe,S-VIB-201,K-201 Vibration,K-201 Gas Compressor,Gas Compression,2025-09-05,10305,18.07,14.98,20.94,1.65,18.07,20.77,228
a20e9fa87dddaca4d89f062ce24db921,S-VIB-201,K-201 Vibration,K-201 Gas Compressor,Gas Compression,2025-09-06,12323,18.16,14.44,23.23,2.15,18.16,21.69,332
b75a6458ec9cf59077d8392d865afc92,S-VIB-201,K-201 Vibration,K-201 Gas Compressor,Gas Compression,2025-09-07,14416,17.57,13.69,21.55,2.09,17.57,21.0,28
834b834bcabb32d194b9c74c8d262b92,S-VIB-201,K-201 Vibration,K-201 Gas Compressor,Gas Compression,2025-09-08,15262,18.44,15.03,21.5,1.91,18.44,21.57,18
f6c682e56cbf5e02faa94a2968c0873a,S-VIB-201,K-201 Vibration,K-201 Gas Compressor,Gas Compression,2025-09-09,9876,17.84,14.61,21.36,1.92,17.84,20.98,137
5d35628a4ff20fea8ec71b10cb34f5c2,S-VIB-201,K-201 Vibration,K-201 Gas Compressor,Gas Compression,2025-09-10,14236,17.88,15.14,20.68,1.61,17.88,20.52,106
cf625a02a0d30828020391bc62f71cd1,S-VIB-201,K-201 Vibration,K-201 Gas Compressor,Gas Compression,2025-09-11,14826,18.17,14.21,22.07,2.1,18.17,21.63,175
06b6d3aa6e43af6c1e1c9652cf0d5498,S-VIB-201,K-201 Vibration,K-201 Gas Compressor,Gas Compression,2025-09-12,14202,17.96,14.04,22.1,2.12,17.96,21.44,222
ae05cfff74179097336ed33adddfaf37,S-VIB-201,K-201 Vibration,K-201 Gas Compressor,Gas Compression,2025-09-13,11263,17.88,13.79,21.79,2.37,17.88,21.77,90
c30984a3f680dda8acc2d1d47e051028,S-VIB-201,K-201 Vibration,K-201 Gas Compressor,Gas Compression,2025-09-14,12438,17.74,14.18,21.24,2.04,17.74,21.08,374
2db4dfde47a3d985279ea9b0f161ee17,S-VIB-201,K-201 Vibration,K-201 Gas Compressor,Gas Compression,2025-09-15,8141,17.73,14.48,21.43,1.93,17.73,20.9,296
e077645a8ac29f870f6ee94cc75b2d0d,S-VIB-201,K-201 Vibration,K-201 Gas Compressor,Gas Compression,2025-09-16,10448,17.23,13.55,21.18,2.16,17.23,20.77,134
8dd5bdafdc8a66e8adcfaffa033fc533,S-VIB-201,K-201 Vibration,K-201 Gas Compressor,Gas Compression,2025-09-17,12236,18.1,13.46,22.55,2.48,18.1,22.17,214
bba46752e106dfa0b056c8c62f5a089d,S-VIB-201,K-201 Vibration,K-201 Gas Compressor,Gas Compression,2025-09-18,14887,18.38,14.74,21.95,1.9,18.38,21.48,110
c8357d6af06521596e40563531932a87,S-VIB-201,K-201 Vibration,K-201 Gas Compressor,Gas Compression,2025-09-19,11810,18.24,13.79,22.44,2.3,18.24,22.01,204
aff4990be45be12002a737965c0a7219,S-VIB-201,K-201 Vibration,K-201 Gas Compressor,Gas Compression,2025-09-20,9117,17.32,14.23,20.29,1.83,17.32,20.33,165
0d773e662c373d10504e07a0b91af98f,S-VIB-201,K-201 Vibration,K-201 Gas Compressor,Gas Compression,2025-09-21,8286,17.94,14.3,21.54,2.22,17.94,21.58,20
cfb4b274098e57d6f6fee55630e6204b,S-VIB-201,K-201 Vibration,K-201 Gas Compressor,Gas Compression,2025-09-22,15182,17.73,14.04,22.7,2.11,17.73,21.19,523
70af7261bad89f4edc1eabd057d92dd0,S-VIB-201,K-201 Vibration,K-201 Gas Compressor,Gas Compression,2025-09-23,13585,18.0,14.64,21.46,1.96,18.0,21.21,424
154003c884f19c372f456969f24d15a5,S-VIB-201,K-201 Vibration,K-201 Gas Compressor,Gas Compression,2025-09-24,11737,17.97,14.04,21.72,2.23,17.97,21.62,107
d3dbbb3bc101207e14e0c850111730cb,S-VIB-201,K-201 Vibration,K-201 Gas Compressor,Gas Compression,2025-09-25,14729,18.08,14.29,21.57,2.15,18.08,21.62,88
19c9b0126be1fae2e36f37d07933f982,S-VIB-201,K-201 Vibration,K-201 Gas Compressor,Gas Compression,2025-09-26,12828,17.94,14.52,22.78,2.06,17.94,21.31,318
db9934ef1c0131947bfac9a6f97b2e55,S-VIB-201,K-201 Vibration,K-201 Gas Compressor,Gas Compression,2025-09-27,8378,18.3,14.06,25.9,2.24,18.3,21.97,207
1151a5edfc9b910fbf0d5acf9b9d7f75,S-VIB-201,K-201 Vibration,K-201 Gas Compressor,Gas Compression,2025-09-28,11662,17.89,14.39,20.96,1.82,17.89,20.88,281
31ae111507e7fc0e62761b29d5bf4572,S-VIB-201,K-201 Vibration,K-201 Gas Compressor,Gas Compression,2025-09-29,9301,18.54,14.72,22.73,2.23,18.54,22.19,223
98066b6872d85d829068c506f94f9b06,S-VIB-201,K-201 Vibration,K-201 Gas Compressor,Gas Compression,2025-09-30,10371,18.19,14.73,21.69,2.15,18.19,21.71,7
a0df50936724675f1812d79e94580bf8,S-VIB-201,K-201 Vibration,K-201 Gas Compressor,Gas Compression,2025-10-01,9730,17.83,14.59,21.06,1.74,17.83,20.69,346
4afd3695cccbfec8cc167b9d59541203,S-VIB-201,K-201 Vibration,K-201 Gas Compressor,Gas Compression,2025-10-02,9183,18.0,14.62,21.76,2.04,18.0,21.35,364
fbdccaeaf1cc025ce358cdd0529b83f1,S-VIB-201,K-201 Vibration,K-201 Gas Compressor,Gas Compression,2025-10-03,12750,17.98,14.4,21.85,1.98,17.98,21.24,457
c4f87e27e15609dee166c8ee65373e18,S-VIB-201,K-201 Vibration,K-201 Gas Compressor,Gas Compression,2025-10-04,8728,17.94,15.05,20.96,1.78,17.94,20.86,102
a56070caef8b3e667f2d576c901d9e92,S-VIB-201,K-201 Vibration,K-201 Gas Compressor,Gas Compression,2025-10-05,15043,18.12,15.15,20.76,1.64,18.12,20.81,525
61289588ba3582001d5cf052530cfde7,S-VIB-201,K-201 Vibration,K-201 Gas Compressor,Gas Compression,2025-10-06,14712,17.75,14.47,20.85,1.78,17.75,20.67,333
c62b59bebb426e1a1cdd1dbe8f821a8b,S-VIB-201,K-201 Vibration,K-201 Gas Compressor,Gas Compression,2025-10-07,10029,17.96,14.84,23.76,1.75,17.96,20.83,208
33fa153b312fccd84b5af63251a2ba26,S-VIB-201,K-201 Vibration,K-201 Gas Compressor,Gas Compression,2025-10-08,11424,17.81,14.02,21.4,2.06,17.81,21.19,439
bef8d9743ec5e2fff4c8afb64585a8ec,S-VIB-201,K-201 Vibration,K-201 Gas Compressor,Gas Compression,2025-10-09,11263,17.86,13.46,22.2,2.29,17.86,21.61,211
65117580685800211de7e7e365f115f9,S-VIB-201,K-201 Vibration,K-201 Gas Compressor,Gas Compression,2025-10-10,15039,18.01,14.28,21.58,2.01,18.01,21.3,470
29d46fcd9837610071f22fdaa930813f,S-VIB-201,K-201 Vibration,K-201 Gas Compressor,Gas Compression,2025-10-11,13867,18.47,15.09,21.87,1.77,18.47,21.38,55
1433760d2501ce06c35a912a76b0e1cc,S-VIB-201,K-201 Vibration,K-201 Gas Compressor,Gas Compression,2025-10-12,8025,18.55,15.2,22.31,1.93,18.55,21.72,284
d6d272b0d58964ae1c32e59e192dbfb6,S-VIB-201,K-201 Vibration,K-201 Gas Compressor,Gas Compression,2025-10-13,9635,18.04,14.3,21.8,2.07,18.04,21.44,231
3f4f4848ed82d13557e7eee62e67a6ac,S-VIB-201,K-201 Vibration,K-201 Gas Compressor,Gas Compression,2025-10-14,12606,17.85,14.06,21.63,2.18,17.85,21.43,82
dc8a1a0a7f7d6f4672bf893eee260981,S-VIB-201,K-201 Vibration,K-201 Gas Compressor,Gas Compression,2025-10-15,15483,18.13,15.41,21.25,1.61,18.13,20.77,466
b9824ece7a0e9b80bc98548beb858d11,S-VIB-201,K-201 Vibration,K-201 Gas Compressor,Gas Compression,2025-10-16,12673,17.79,13.93,21.4,2.17,17.79,21.34,131
fc7c8a44554674f3cb01913aaf2cba1f,S-VIB-201,K-201 Vibration,K-201 Gas Compressor,Gas Compression,2025-10-17,15048,18.08,14.8,21.56,1.8,18.08,21.03,66
b439f37250ed3718a19ee1c0084db080,S-VIB-201,K-201 Vibration,K-201 Gas Compressor,Gas Compression,2025-10-18,9872,17.93,14.14,21.71,1.98,17.93,21.18,387
0703e9eea2bda45df3bc1b447ff61f34,S-VIB-201,K-201 Vibration,K-201 Gas Compressor,Gas Compression,2025-10-19,10019,17.65,14.61,20.58,1.78,17.65,20.57,38
a86227dba27c6e0d6f5d3d5afb9b8b00,S-VIB-201,K-201 Vibration,K-201 Gas Compressor,Gas Compression,2025-10-20,14531,17.75,14.56,20.88,1.89,17.75,20.85,495
a47988ec7ccec3cba960bffde3222a9f,S-VIB-201,K-201 Vibration,K-201 Gas Compressor,Gas Compression,2025-10-21,14766,17.8,14.64,20.91,1.83,17.8,20.79,448
1653c2fa91064a490c789078d9d8494a,S-VIB-201,K-201 Vibration,K-201 Gas Compressor,Gas Compression,2025-10-22,8241,18.48,14.89,21.56,1.88,18.48,21.55,87
9a89aee4e1ac5d2baa7d6dc45704489b,S-VIB-201,K-201 Vibration,K-201 Gas Compressor,Gas Compression,2025-10-23,14178,17.68,14.43,20.9,1.85,17.68,20.71,402
1468f22586a5ce7b64a7b9ba0ee2a316,S-VIB-201,K-201 Vibration,K-201 Gas Compressor,Gas Compression,2025-10-24,9072,18.43,14.88,21.98,2.11,18.43,21.88,341
2fd50a38cf8837e212898f99a33ea56e,S-VIB-201,K-201 Vibration,K-201 Gas Compressor,Gas Compression,2025-10-25,14810,18.04,14.69,21.39,1.89,18.04,21.13,317
e5d77a434d9337c3b8eadf1139c8b267,S-VIB-201,K-201 Vibration,K-201 Gas Compressor,Gas Compression,2025-10-26,14603,18.02,14.48,21.89,2.0,18.02,21.3,95
2e222f501de9afcf3b391374a33433e9,S-VIB-201,K-201 Vibration,K-201 Gas Compressor,Gas Compression,2025-10-27,11476,18.18,15.33,21.17,1.77,18.18,21.08,420
b06a26a4b0e889a6cb5fec8e8d2ee950,S-VIB-201,K-201 Vibration,K-201 Gas Compressor,Gas Compression,2025-10-28,8013,18.15,14.15,22.05,2.24,18.15,21.82,316
fc8ca110fdb3fa96bc5a439224504820,S-VIB-201,K-201 Vibration,K-201 Gas Compressor,Gas Compression,2025-10-29,10572,18.11,16.01,20.36,1.27,18.11,20.2,144
f711df7365818dbe1afd7a2608912bb0,S-VIB-201,K-201 Vibration,K-201 Gas Compressor,Gas Compression,2025-10-30,12473,18.41,14.87,21.87,1.9,18.41,21.53,105
798d2a913e05a6606bc6320cbbcd5f6e,S-VIB-201,K-201 Vibration,K-201 Gas Compressor,Gas Compression,2025-10-31,8400,18.04,15.16,21.32,1.8,18.04,20.99,94
f4bea4920ecd77204879f63299654b99,S-VIB-201,K-201 Vibration,K-201 Gas Compressor,Gas Compression,2025-11-01,15025,18.28,14.62,21.6,2.01,18.28,21.57,554
fc3c4e82972a820d6c1f3b8ecec1420b,S-VIB-201,K-201 Vibration,K-201 Gas Compressor,Gas Compression,2025-11-02,8496,17.7,14.42,20.86,1.79,17.7,20.64,160
94b9e692bbe853f674076e916276c629,S-VIB-201,K-201 Vibration,K-201 Gas Compressor,Gas Compression,2025-11-03,12911,17.54,13.66,23.33,2.05,17.54,20.9,460
21e552c834cea653c7eec416af7aa494,S-VIB-201,K-201 Vibration,K-201 Gas Compressor,Gas Compression,2025-11-04,15600,17.91,14.23,21.16,1.9,17.91,21.03,460
57fc0348add90332da525ef43fc89959,S-VIB-201,K-201 Vibration,K-201 Gas Compressor,Gas Compression,2025-11-05,11153,18.11,13.98,21.93,2.15,18.11,21.64,288
8314d57626806b444e42c5138d223dd6,S-VIB-201,K-201 Vibration,K-201 Gas Compressor,Gas Compression,2025-11-06,11225,17.78,14.63,21.14,1.92,17.78,20.93,299
77891489478178b698b8f7b89e23330f,S-VIB-201,K-201 Vibration,K-201 Gas Compressor,Gas Compression,2025-11-07,9050,18.23,14.76,21.79,2.08,18.23,21.63,311
f8dc73fe773e98258b8575a00cd650f0,S-VIB-201,K-201 Vibration,K-201 Gas Compressor,Gas Compression,2025-11-08,13244,17.69,14.64,20.64,1.8,17.69,20.63,150
e524dcd813dc77a2578f6e429b8b5381,S-VIB-201,K-201 Vibration,K-201 Gas Compressor,Gas Compression,2025-11-09,10248,18.09,14.25,21.82,2.08,18.09,21.51,250
fecdd4bac38b8794784aff884722b473,S-VIB-201,K-201 Vibration,K-201 Gas Compressor,Gas Compression,2025-11-10,13397,18.01,14.13,21.43,2.0,18.01,21.29,367
c9db476517307174a80148eff3fe6e68,S-VIB-201,K-201 Vibration,K-201 Gas Compressor,Gas Compression,2025-11-11,12355,17.94,11.42,24.68,3.71,17.94,24.04,422
8bf61a04d02f4525e3806295234cd7c5,S-VIB-201,K-201 Vibration,K-201 Gas Compressor,Gas Compression,2025-11-12,8185,17.92,7.68,27.88,5.62,17.92,27.14,79
46c5b4a1c4adc95aa0dffdcde854747b,S-VIB-201,K-201 Vibration,K-201 Gas Compressor,Gas Compression,2025-11-13,11222,18.47,5.54,31.97,6.95,18.47,29.87,342
f03f3d4f7d62871e8a2d2dc7d355dc8f,S-VIB-201,K-201 Vibration,K-201 Gas Compressor,Gas Compression,2025-11-14,15301,19.14,3.48,33.6,8.58,19.14,33.22,157
8d5a197abda43ae3e132d4bdb7039088,S-VIB-201,K-201 Vibration,K-201 Gas Compressor,Gas Compression,2025-11-15,11694,18.47,-2.18,38.95,10.86,18.47,36.28,3
78c6732deb9b6ae1735b6de9d6aee79f,S-VIB-201,K-201 Vibration,K-201 Gas Compressor,Gas Compression,2025-11-16,12687,18.3,-2.11,41.73,12.38,18.3,38.59,58
e66150a0ce5e357ad6712712aca8849f,S-VIB-201,K-201 Vibration,K-201 Gas Compressor,Gas Compression,2025-11-17,8922,18.24,-5.91,41.09,13.82,18.24,40.9,332
d86f93f1969435d3cdf6068e680123b4,S-VIB-201,K-201 Vibration,K-201 Gas Compressor,Gas Compression,2025-11-18,11120,19.25,-10.33,45.24,15.76,19.25,45.1,393
e98e2ce96cc6ab9fd5c8cfc33ff140cb,S-VIB-201,K-201 Vibration,K-201 Gas Compressor,Gas Compression,2025-11-19,9788,18.51,-11.42,46.95,17.12,18.51,46.58,196
e99204ef60fe048cc257a3e529708300,S-VIB-201,K-201 Vibration,K-201 Gas Compressor,Gas Compression,2025-11-20,13307,19.27,-18.13,56.61,19.18,19.27,50.72,50
428e8568d9b2be929f0afef347d552f8,S-VIB-201,K-201 Vibration,K-201 Gas Compressor,Gas Compression,2025-11-21,13467,19.42,-17.48,85.72,21.11,19.42,54.04,190
6ee374b9e21a8bf8a80a3e05847af522,S-VIB-201,K-201 Vibration,K-201 Gas Compressor,Gas Compression,2025-11-22,13822,19.44,-19.49,61.53,22.3,19.44,56.02,414
5d4cbe497a14d5a057d385cdbfddafe8,S-VIB-201,K-201 Vibration,K-201 Gas Compressor,Gas Compression,2025-11-23,13715,18.99,-27.25,58.99,24.24,18.99,58.74,84
e651b6fd47c321841a691e867c1f6197,S-VIB-201,K-201 Vibration,K-201 Gas Compressor,Gas Compression,2025-11-24,14411,19.55,-21.74,61.31,25.8,19.55,61.86,446
76213ec7228d7c077a0d74471bc1e271,S-VIB-201,K-201 Vibration,K-201 Gas Compressor,Gas Compression,2025-11-25,8790,19.46,-26.89,66.02,28.07,19.46,65.49,289
9b282b6548de7a542a80493d8ce7a93d,S-VIB-201,K-201 Vibration,K-201 Gas Compressor,Gas Compression,2025-11-26,8278,19.57,-31.34,67.38,29.29,19.57,67.6,85
eef2b9e12814447ebd03da1a14bdb6df,S-VIB-201,K-201 Vibration,K-201 Gas Compressor,Gas Compression,2025-11-27,10618,19.72,-34.12,74.62,31.14,19.72,70.8,88
d5f2777e4bd8ff69e8d90c5d412fef3b,S-VIB-201,K-201 Vibration,K-201 Gas Compressor,Gas Compression,2025-11-28,14018,19.86,-34.97,73.64,33.0,19.86,73.97,461
50bf78972f3d5a6725505933b4760699,S-VIB-201,K-201 Vibration,K-201 Gas Compressor,Gas Compression,2025-11-29,8489,20.24,-40.6,83.56,34.63,20.24,77.03,297
223d96b3143cae5b34dc64ca828049eb,S-VIB-201,K-201 Vibration,K-201 Gas Compressor,Gas Compression,2025-11-30,11188,20.5,-39.54,80.18,35.8,20.5,79.2,129
1f237643d48a30e4294203956f38af31,S-TMP-301,E-301 Outlet Temp,E-301 Heat Exchanger,Separation Train,2025-09-02,10015,84.48,78.57,91.74,3.2,84.48,89.73,240
c9b56ef37921ab7311ef6c897e194d65,S-TMP-301,E-301 Outlet Temp,E-301 Heat Exchanger,Separation Train,2025-09-03,13877,84.0,77.55,90.04,3.46,84.0,89.67,311
731467d69917ef08b5cbddbc668f808a,S-TMP-301,E-301 Outlet Temp,E-301 Heat Exchanger,Separation Train,2025-09-04,9262,85.19,78.64,91.43,3.65,85.19,91.17,24
cde54683e6ace90942b93b70df1ff883,S-TMP-301,E-301 Outlet Temp,E-301 Heat Exchanger,Separation Train,2025-09-05,11082,84.99,79.48,90.77,3.02,84.99,89.94,394
3767d3c32488db91b4c9c82cd1ba7f6e,S-TMP-301,E-301 Outlet Temp,E-301 Heat Exchanger,Separation Train,2025-09-06,8760,85.53,79.82,91.06,3.41,85.53,91.12,68
352e8de83589517c6373dce5711f90e4,S-TMP-301,E-301 Outlet Temp,E-301 Heat Exchanger,Separation Train,2025-09-07,11759,84.51,77.79,91.08,4.02,84.51,91.11,82
83cda91597587dae480eaa4dab1f4e09,S-TMP-301,E-301 Outlet Temp,E-301 Heat Exchanger,Separation Train,2025-09-08,8622,84.66,79.37,90.29,3.26,84.66,90.01,91
08f676068efe5071faf878b7e4da4028,S-TMP-301,E-301 Outlet Temp,E-301 Heat Exchanger,Separation Train,2025-09-09,9077,85.47,79.06,91.83,3.33,85.47,90.92,38
d1839ea36431e6c8a0adba3512085211,S-TMP-301,E-301 Outlet Temp,E-301 Heat Exchanger,Separation Train,2025-09-10,8406,83.82,78.07,89.67,3.08,83.82,88.87,176
284e3158a95228c9d3b112d679441cdc,S-TMP-301,E-301 Outlet Temp,E-301 Heat Exchanger,Separation Train,2025-09-11,8922,85.41,79.95,90.95,3.18,85.41,90.63,205
ba1f50db5c2bdbb1d34392d0df743a80,S-TMP-301,E-301 Outlet Temp,E-301 Heat Exchanger,Separation Train,2025-09-12,15326,84.71,79.2,90.22,3.11,84.71,89.81,233
7d71fcf54d8fec8e636f159bae9c9721,S-TMP-301,E-301 Outlet Temp,E-301 Heat Exchanger,Separation Train,2025-09-13,14449,85.17,79.65,90.47,3.22,85.17,90.46,59
47f2b442701c15889bd3e0774d155ba3,S-TMP-301,E-301 Outlet Temp,E-301 Heat Exchanger,Separation Train,2025-09-14,14388,84.47,77.31,91.6,4.09,84.47,91.18,533
bb6365b66eec083210562ae677d3bd04,S-TMP-301,E-301 Outlet Temp,E-301 Heat Exchanger,Separation Train,2025-09-15,14929,84.05,78.0,89.95,3.44,84.05,89.69,275
8b9303dc09650d33ac4036e65712fa36,S-TMP-301,E-301 Outlet Temp,E-301 Heat Exchanger,Separation Train,2025-09-16,10329,84.62,78.94,90.26,3.28,84.62,90.0,68
119d33ae922551d39a37f6518cbf9cb7,S-TMP-301,E-301 Outlet Temp,E-301 Heat Exchanger,Separation Train,2025-09-17,13270,85.52,79.17,91.44,3.53,85.52,91.32,136
ec78de08045f5c341134fea4ad4257d7,S-TMP-301,E-301 Outlet Temp,E-301 Heat Exchanger,Separation Train,2025-09-18,12209,85.35,79.31,92.18,3.73,85.35,91.46,191
e1ec50abe3dfcc76c1892a482c6f540b,S-TMP-301,E-301 Outlet Temp,E-301 Heat Exchanger,Separation Train,2025-09-19,14614,85.2,79.9,90.45,3.28,85.2,90.58,328
87328a221e21eec931ea35d09490cfea,S-TMP-301,E-301 Outlet Temp,E-301 Heat Exchanger,Separation Train,2025-09-20,8666,85.63,80.8,94.67,2.74,85.63,90.12,114
7d53ba99ef282513aeb0927d1e2f11fa,S-TMP-301,E-301 Outlet Temp,E-301 Heat Exchanger,Separation Train,2025-09-21,8212,84.99,77.87,92.54,4.2,84.99,91.88,254
8161c3bd21c9cdf0f40b562142dfa4fd,S-TMP-301,E-301 Outlet Temp,E-301 Heat Exchanger,Separation Train,2025-09-22,9198,85.14,77.93,92.49,3.8,85.14,91.36,218
6157a89dc61d627c8a7749d57b4c179b,S-TMP-301,E-301 Outlet Temp,E-301 Heat Exchanger,Separation Train,2025-09-23,11972,85.03,80.13,90.25,2.77,85.03,89.57,470
431d6059110e700a89fe673533c50e73,S-TMP-301,E-301 Outlet Temp,E-301 Heat Exchanger,Separation Train,2025-09-24,13835,85.65,81.5,90.06,2.53,85.65,89.79,463
a7b944c8c25acf3a1ff99c288c30623b,S-TMP-301,E-301 Outlet Temp,E-301 Heat Exchanger,Separation Train,2025-09-25,12857,85.21,79.26,92.26,3.7,85.21,91.28,238
65e644cdf13698801e1e6a7c7224230c,S-TMP-301,E-301 Outlet Temp,E-301 Heat Exchanger,Separation Train,2025-09-26,11468,84.6,78.6,94.0,3.3,84.6,90.02,239
979d61afecd47373764434ee5d5ea05c,S-TMP-301,E-301 Outlet Temp,E-301 Heat Exchanger,Separation Train,2025-09-27,13521,84.17,78.22,89.92,3.46,84.17,89.83,512
70eac78b55edf3fe5ebd47f8ae74c35c,S-TMP-301,E-301 Outlet Temp,E-301 Heat Exchanger,Separation Train,2025-09-28,9589,85.22,77.63,91.97,4.15,85.22,92.02,243
17f56a7cd0cdecf9e2b7b91516119982,S-TMP-301,E-301 Outlet Temp,E-301 Heat Exchanger,Separation Train,2025-09-29,11239,84.58,78.06,90.47,3.65,84.58,90.57,430
ea7795ba8e69e1024a99835266faed5c,S-TMP-301,E-301 Outlet Temp,E-301 Heat Exchanger,Separation Train,2025-09-30,13285,84.62,78.44,91.94,3.82,84.62,90.88,445
d2a840e7c5a012bc14dcda69d3903414,S-TMP-301,E-301 Outlet Temp,E-301 Heat Exchanger,Separation Train,2025-10-01,8323,85.19,77.73,92.08,4.17,85.19,92.02,188
76c2b4bdafa127387f622f2660fd95b2,S-TMP-301,E-301 Outlet Temp,E-301 Heat Exchanger,Separation Train,2025-10-02,13663,84.8,78.27,92.21,3.82,84.8,91.07,156
61df446f57af0657b7fd2a7969c5a05d,S-TMP-301,E-301 Outlet Temp,E-301 Heat Exchanger,Separation Train,2025-10-03,11177,84.41,77.08,91.96,3.97,84.41,90.91,436
754fc9aae46ed63977d529a98052734b,S-TMP-301,E-301 Outlet Temp,E-301 Heat Exchanger,Separation Train,2025-10-04,12952,84.16,77.9,90.72,3.49,84.16,89.88,465
025947ec997e8c33c86a56621f44eb75,S-TMP-301,E-301 Outlet Temp,E-301 Heat Exchanger,Separation Train,2025-10-05,14737,85.77,78.86,92.72,3.93,85.77,92.22,213
b72f2e8d70e483f48dbb35f2c7482126,S-TMP-301,E-301 Outlet Temp,E-301 Heat Exchanger,Separation Train,2025-10-06,9559,85.66,80.18,91.5,3.12,85.66,90.77,234
37ee638f5253d7da20e7a2caa36af03b,S-TMP-301,E-301 Outlet Temp,E-301 Heat Exchanger,Separation Train,2025-10-07,11132,84.72,77.61,90.84,3.66,84.72,90.72,229
0827932df9baaa05f7520f5d6e1be2a1,S-TMP-301,E-301 Outlet Temp,E-301 Heat Exchanger,Separation Train,2025-10-08,13314,84.26,77.79,90.59,3.91,84.26,90.68,103
4660ecb67c78165476ac53818ae295b3,S-TMP-301,E-301 Outlet Temp,E-301 Heat Exchanger,Separation Train,2025-10-09,15489,85.36,78.83,91.78,3.59,85.36,91.25,496
5e773676ab49050a1cd4853cffc35926,S-TMP-301,E-301 Outlet Temp,E-301 Heat Exchanger,Separation Train,2025-10-10,14904,84.18,77.75,90.96,3.94,84.18,90.64,261
95f8b0fd176c781a77bd88e0c9374873,S-TMP-301,E-301 Outlet Temp,E-301 Heat Exchanger,Separation Train,2025-10-11,12942,85.51,79.23,92.07,3.51,85.51,91.27,166
199e3d740512139dc2035ce48a0609ec,S-TMP-301,E-301 Outlet Temp,E-301 Heat Exchanger,Separation Train,2025-10-12,9484,84.52,77.5,90.89,3.79,84.52,90.73,355
c94c3f1ccd554a9b7c00491c96db3d4f,S-TMP-301,E-301 Outlet Temp,E-301 Heat Exchanger,Separation Train,2025-10-13,13225,84.51,78.82,90.18,3.2,84.51,89.75,230
f866c32ab52318f6742aed2a90718e2d,S-TMP-301,E-301 Outlet Temp,E-301 Heat Exchanger,Separation Train,2025-10-14,10215,84.35,78.03,91.15,3.89,84.35,90.73,93
e9399584614f0e5483a17e3fa817482f,S-TMP-301,E-301 Outlet Temp,E-301 Heat Exchanger,Separation Train,2025-10-15,15958,84.92,78.57,91.92,3.6,84.92,90.83,303
0423d019979733b2f62bce98ef7bb53b,S-TMP-301,E-301 Outlet Temp,E-301 Heat Exchanger,Separation Train,2025-10-16,13737,85.27,79.21,91.76,3.46,85.27,90.95,470
041f23ae1c299db59cabccadcb43544a,S-TMP-301,E-301 Outlet Temp,E-301 Heat Exchanger,Separation Train,2025-10-17,8482,85.05,77.48,92.6,4.12,85.05,91.81,125
0ac364eee68a843baace861e420cd581,S-TMP-301,E-301 Outlet Temp,E-301 Heat Exchanger,Separation Train,2025-10-18,12792,85.52,79.33,92.05,3.51,85.52,91.28,381
d584fc552177a4f38f6552ec08966f20,S-TMP-301,E-301 Outlet Temp,E-301 Heat Exchanger,Separation Train,2025-10-19,11400,85.06,77.81,92.14,3.89,85.06,91.44,124
339e0e3ba0ba0289f5a96a1533b3899e,S-TMP-301,E-301 Outlet Temp,E-301 Heat Exchanger,Separation Train,2025-10-20,12505,84.24,78.51,89.85,3.36,84.24,89.75,441
7cd3184126192b07d85aab3ed5db9f2b,S-TMP-301,E-301 Outlet Temp,E-301 Heat Exchanger,Separation Train,2025-10-21,8885,85.17,78.67,91.44,3.77,85.17,91.36,52
ba046caa74c76e853e1977441aefca25,S-TMP-301,E-301 Outlet Temp,E-301 Heat Exchanger,Separation Train,2025-10-22,11112,84.68,78.23,90.94,3.49,84.68,90.4,213
f37ed4230a2cc28910db267d586d40e8,S-TMP-301,E-301 Outlet Temp,E-301 Heat Exchanger,Separation Train,2025-10-23,10187,85.17,79.73,91.01,3.1,85.17,90.25,98
41b72185696e5945ebbcc6b19e34e102,S-TMP-301,E-301 Outlet Temp,E-301 Heat Exchanger,Separation Train,2025-10-24,10717,85.17,79.4,91.12,3.43,85.17,90.79,134
1b70eb4b36514bd9ffc4dddb74812b33,S-TMP-301,E-301 Outlet Temp,E-301 Heat Exchanger,Separation Train,2025-10-25,10886,85.07,79.06,91.25,3.52,85.07,90.85,102
dba5aabc840edcda84a71cebdc598e5b,S-TMP-301,E-301 Outlet Temp,E-301 Heat Exchanger,Separation Train,2025-10-26,12314,84.62,77.09,91.85,3.96,84.62,91.12,302
3cf51eadcc3d1908d83826ae7f891bd2,S-TMP-301,E-301 Outlet Temp,E-301 Heat Exchanger,Separation Train,2025-10-27,14105,84.88,78.83,91.32,3.43,84.88,90.51,8
fcf29bee5f56a2b6b7e3b46f525b0d10,S-TMP-301,E-301 Outlet Temp,E-301 Heat Exchanger,Separation Train,2025-10-28,12645,85.32,78.7,91.97,3.69,85.32,91.38,54
d285babc916f787c82d2bd9f75cc119c,S-TMP-301,E-301 Outlet Temp,E-301 Heat Exchanger,Separation Train,2025-10-29,11817,84.5,77.17,91.63,3.76,84.5,90.67,420
d14a47a44f3d650505e27c9313b9dd76,S-TMP-301,E-301 Outlet Temp,E-301 Heat Exchanger,Separation Train,2025-10-30,9282,85.12,78.45,91.4,3.46,85.12,90.8,206
5d4a6a47913575bf1add672bc901f389,S-TMP-301,E-301 Outlet Temp,E-301 Heat Exchanger,Separation Train,2025-10-31,10514,85.29,79.39,91.36,3.64,85.29,91.26,169
207a100f4387bacbc328c2fa95ef6002,S-TMP-301,E-301 Outlet Temp,E-301 Heat Exchanger,Separation Train,2025-11-01,8475,84.67,78.56,90.06,3.24,84.67,89.99,309
3a53574e66e223d4a9e7686f28969062,S-TMP-301,E-301 Outlet Temp,E-301 Heat Exchanger,Separation Train,2025-11-02,14672,85.07,79.67,91.13,3.21,85.07,90.34,566
d0851f2f27533ff453deecb450590793,S-TMP-301,E-301 Outlet Temp,E-301 Heat Exchanger,Separation Train,2025-11-03,12493,85.38,79.87,90.36,2.94,85.38,90.21,189
790cffe15ae492ac4d25d8599d5907ee,S-TMP-301,E-301 Outlet Temp,E-301 Heat Exchanger,Separation Train,2025-11-04,10116,84.24,78.73,89.13,3.06,84.24,89.25,15
231df89e56da4bab34abe9e4ca289b2a,S-TMP-301,E-301 Outlet Temp,E-301 Heat Exchanger,Separation Train,2025-11-05,9670,84.92,78.5,90.94,3.69,84.92,90.98,143
f212ba38f348d9bfb50d35e78192f7fb,S-TMP-301,E-301 Outlet Temp,E-301 Heat Exchanger,Separation Train,2025-11-06,9663,85.49,79.92,91.0,3.16,85.49,90.67,248
df45b9349a3f7183b880c92b37a5bd92,S-TMP-301,E-301 Outlet Temp,E-301 Heat Exchanger,Separation Train,2025-11-07,13908,85.2,78.16,91.57,3.66,85.2,91.2,406
a3f8470a9b776ccb7542c039ec63e4ad,S-TMP-301,E-301 Outlet Temp,E-301 Heat Exchanger,Separation Train,2025-11-08,13523,84.97,78.46,91.84,3.9,84.97,91.36,250
3c520e2ad7ebb7cb3917e9f6e0aced5b,S-TMP-301,E-301 Outlet Temp,E-301 Heat Exchanger,Separation Train,2025-11-09,9903,85.1,79.31,91.54,3.42,85.1,90.72,100
3fc682296c9dd5f70291e76e6c5fff63,S-TMP-301,E-301 Outlet Temp,E-301 Heat Exchanger,Separation Train,2025-11-10,10315,85.04,79.56,90.72,3.26,85.04,90.39,164
a823b3e0fd9a1582b95988f46cf4f358,S-TMP-301,E-301 Outlet Temp,E-301 Heat Exchanger,Separation Train,2025-11-11,10046,85.3,79.42,91.89,3.52,85.3,91.07,341
cf0ca4d11c8b60bcc50783c755b0972b,S-TMP-301,E-301 Outlet Temp,E-301 Heat Exchanger,Separation Train,2025-11-12,8280,83.77,76.05,90.33,4.06,83.77,90.42,204
b20b5e0d0455cef101ba20c8b100ece3,S-TMP-301,E-301 Outlet Temp,E-301 Heat Exchanger,Separation Train,2025-11-13,12301,84.99,78.32,91.93,3.6,84.99,90.89,431
ac58d02dac587c7d1073a7302dc57bca,S-TMP-301,E-301 Outlet Temp,E-301 Heat Exchanger,Separation Train,2025-11-14,14079,84.89,79.33,90.53,2.99,84.89,89.79,66
a7ed13c4bce5ad15c6c54439de204470,S-TMP-301,E-301 Outlet Temp,E-301 Heat Exchanger,Separation Train,2025-11-15,15894,85.03,79.02,91.27,3.46,85.03,90.7,580
386c0dc2410c141c7e687a9d63fdc7ac,S-TMP-301,E-301 Outlet Temp,E-301 Heat Exchanger,Separation Train,2025-11-16,9906,85.67,79.09,92.44,3.69,85.67,91.72,315
77e09817093611f99092591b37e01eb3,S-TMP-301,E-301 Outlet Temp,E-301 Heat Exchanger,Separation Train,2025-11-17,11630,85.39,79.29,92.29,3.55,85.39,91.21,220
40f01b50e68afc30c53fae2139546636,S-TMP-301,E-301 Outlet Temp,E-301 Heat Exchanger,Separation Train,2025-11-18,15685,85.63,79.42,91.31,3.26,85.63,90.97,494
a6eb2e9814d21c2fedf342d9ad82edf5,S-TMP-301,E-301 Outlet Temp,E-301 Heat Exchanger,Separation Train,2025-11-19,12805,84.16,77.53,90.21,3.55,84.16,89.98,310
86c0ba52920d6b028b0091e9e6817c9d,S-TMP-301,E-301 Outlet Temp,E-301 Heat Exchanger,Separation Train,2025-11-20,11062,85.19,79.75,90.41,3.25,85.19,90.51,249
cd28d6597d5ad6992ee369548a189e82,S-TMP-301,E-301 Outlet Temp,E-301 Heat Exchanger,Separation Train,2025-11-21,12843,84.66,78.67,91.75,3.72,84.66,90.77,485
5a279962b3979eacc8deb636bc63f63a,S-TMP-301,E-301 Outlet Temp,E-301 Heat Exchanger,Separation Train,2025-11-22,11964,84.72,79.23,90.33,2.95,84.72,89.56,103
05ff23ca3300931d3b0074a747471158,S-TMP-301,E-301 Outlet Temp,E-301 Heat Exchanger,Separation Train,2025-11-23,12381,84.76,77.78,92.04,4.33,84.76,91.86,351
ef3dc0dca5493fadd02da907b52106ff,S-TMP-301,E-301 Outlet Temp,E-301 Heat Exchanger,Separation Train,2025-11-24,12250,85.07,80.33,89.87,2.69,85.07,89.48,313
b746d2a7a95762ea45bb4908ccd0483c,S-TMP-301,E-301 Outlet Temp,E-301 Heat Exchanger,Separation Train,2025-11-25,10483,84.91,78.97,90.59,3.3,84.91,90.32,407
b143aa8029da8ecc26ce13c8a4199fce,S-TMP-301,E-301 Outlet Temp,E-301 Heat Exchanger,Separation Train,2025-11-26,9612,85.07,79.6,90.72,3.3,85.07,90.47,34
9dab550407bb7de9be56ae0d6700d2f8,S-TMP-301,E-301 Outlet Temp,E-301 Heat Exchanger,Separation Train,2025-11-27,9499,84.65,77.78,91.44,4.17,84.65,91.5,220
d00e025b877009ebc8a8c24ce5558ff4,S-TMP-301,E-301 Outlet Temp,E-301 Heat Exchanger,Separation Train,2025-11-28,8960,85.04,78.63,91.74,3.51,85.04,90.8,255
8ce56684aea6896232c01ef3858771f6,S-TMP-301,E-301 Outlet Temp,E-301 Heat Exchanger,Separation Train,2025-11-29,11316,85.48,79.8,90.49,3.02,85.48,90.43,69
b5f3eea9381db050355e3d9060270a93,S-TMP-301,E-301 Outlet Temp,E-301 Heat Exchanger,Separation Train,2025-11-30,11579,85.78,79.01,92.08,3.68,85.78,91.81,36
fe52fbefdf8a708ef3cb60d25f6c62ff,S-PRS-401,V-401 Pressure,V-401 Production Separator,Wellhead Platform,2025-09-02,15052,6.47,5.63,7.27,0.44,6.47,7.19,342
64969018f58f0a46db609913be1f6138,S-PRS-401,V-401 Pressure,V-401 Production Separator,Wellhead Platform,2025-09-03,14120,6.57,5.79,7.34,0.43,6.57,7.26,76
6a1a897209d0b24d68aacb68ebbc8682,S-PRS-401,V-401 Pressure,V-401 Production Separator,Wellhead Platform,2025-09-04,10619,6.45,5.8,7.06,0.37,6.45,7.07,36
9886dba23656c75e8623d2e7c8008056,S-PRS-401,V-401 Pressure,V-401 Production Separator,Wellhead Platform,2025-09-05,13548,6.55,5.94,7.23,0.36,6.55,7.15,295
34105cdbc3732c70e85cd1030bef0bed,S-PRS-401,V-401 Pressure,V-401 Production Separator,Wellhead Platform,2025-09-06,8297,6.42,5.52,7.27,0.47,6.42,7.19,175
9ec0238b09e100e61d44a9077eee311f,S-PRS-401,V-401 Pressure,V-401 Production Separator,Wellhead Platform,2025-09-07,14083,6.43,5.62,7.18,0.46,6.43,7.18,519
7d2994fe3eb01ce46ba6f91425a93862,S-PRS-401,V-401 Pressure,V-401 Production Separator,Wellhead Platform,2025-09-08,10679,6.57,5.83,7.35,0.44,6.57,7.3,40
e5544e6d442f62654fc839fb34e889d8,S-PRS-401,V-401 Pressure,V-401 Production Separator,Wellhead Platform,2025-09-09,11948,6.5,5.74,7.73,0.41,6.5,7.17,73
5aae33eb3a23c0451cb66a6da1510bd7,S-PRS-401,V-401 Pressure,V-401 Production Separator,Wellhead Platform,2025-09-10,8844,6.47,5.75,7.16,0.4,6.47,7.13,268
3ec6cd0113def6d2e00191b4b65727d3,S-PRS-401,V-401 Pressure,V-401 Production Separator,Wellhead Platform,2025-09-11,15528,6.38,5.6,7.13,0.42,6.38,7.07,620
a49c7a91f86a2668e378b47635461ebb,S-PRS-401,V-401 Pressure,V-401 Production Separator,Wellhead Platform,2025-09-12,14456,6.52,5.8,7.19,0.4,6.52,7.17,572
f1ab8c9dcfa3037557a367f6b2e2d3be,S-PRS-401,V-401 Pressure,V-401 Production Separator,Wellhead Platform,2025-09-13,9791,6.53,5.78,7.27,0.39,6.53,7.17,206
9970c2cad82478c539dfc37d6e1d9c91,S-PRS-401,V-401 Pressure,V-401 Production Separator,Wellhead Platform,2025-09-14,13345,6.54,5.7,7.39,0.43,6.54,7.25,426
9ec04cec5ddf7973e41bfb11f36f8281,S-PRS-401,V-401 Pressure,V-401 Production Separator,Wellhead Platform,2025-09-15,14662,6.5,5.87,7.14,0.36,6.5,7.09,373
eb9c371652485249d15c894f8ccc1e1f,S-PRS-401,V-401 Pressure,V-401 Production Separator,Wellhead Platform,2025-09-16,11300,6.59,5.99,7.21,0.36,6.59,7.19,384
81ef2fc131dee9ed153bef13d047587d,S-PRS-401,V-401 Pressure,V-401 Production Separator,Wellhead Platform,2025-09-17,11266,6.42,5.85,7.26,0.32,6.42,6.94,79
f4f0637350ccbd58a913d3e489faa016,S-PRS-401,V-401 Pressure,V-401 Production Separator,Wellhead Platform,2025-09-18,10042,6.48,5.71,7.93,0.43,6.48,7.18,62
b171874cbc443e38e07132c18d3b4169,S-PRS-401,V-401 Pressure,V-401 Production Separator,Wellhead Platform,2025-09-19,13246,6.42,5.72,7.16,0.43,6.42,7.12,473
3ecf04eca23f31ece2385990e54d0938,S-PRS-401,V-401 Pressure,V-401 Production Separator,Wellhead Platform,2025-09-20,9009,6.49,5.78,7.25,0.43,6.49,7.19,237
dbd249a7281daddbe2e252d262933ac1,S-PRS-401,V-401 Pressure,V-401 Production Separator,Wellhead Platform,2025-09-21,8088,6.46,5.84,7.14,0.35,6.46,7.04,154
0be2c498f7b243c59b0fb7ade2f36d8d,S-PRS-401,V-401 Pressure,V-401 Production Separator,Wellhead Platform,2025-09-22,14173,6.4,5.61,7.61,0.43,6.4,7.11,365
db1ffd0859545c39604d622532d3b53e,S-PRS-401,V-401 Pressure,V-401 Production Separator,Wellhead Platform,2025-09-23,10877,6.44,5.68,7.2,0.41,6.44,7.11,206
ad1b49c0e6880406636cc8c2c9e43593,S-PRS-401,V-401 Pressure,V-401 Production Separator,Wellhead Platform,2025-09-24,12966,6.37,5.69,7.02,0.39,6.37,7.01,91
ef45cea93e2ffd35b4524f2052edeb16,S-PRS-401,V-401 Pressure,V-401 Production Separator,Wellhead Platform,2025-09-25,12827,6.44,5.71,7.76,0.38,6.44,7.06,488
c9f04311f5e53aeaff749782c13e08d1,S-PRS-401,V-401 Pressure,V-401 Production Separator,Wellhead Platform,2025-09-26,12074,6.51,5.77,7.24,0.38,6.51,7.13,37
46fb8c88f730e1c4f1004c387dd58853,S-PRS-401,V-401 Pressure,V-401 Production Separator,Wellhead Platform,2025-09-27,8096,6.32,5.54,7.14,0.45,6.32,7.06,49
ad1ac1dfc0a9ee7eed9595d75a409d62,S-PRS-401,V-401 Pressure,V-401 Production Separator,Wellhead Platform,2025-09-28,13301,6.43,5.66,7.27,0.44,6.43,7.16,166
eaa5f0f353183ac827a5f774a2c24712,S-PRS-401,V-401 Pressure,V-401 Production Separator,Wellhead Platform,2025-09-29,13918,6.47,5.87,7.09,0.36,6.47,7.05,258
c7fc07daecadbec1545802971d396596,S-PRS-401,V-401 Pressure,V-401 Production Separator,Wellhead Platform,2025-09-30,12744,6.58,5.98,7.24,0.35,6.58,7.15,123
9c53e7f6b3238864043b00c34f70e6f0,S-PRS-401,V-401 Pressure,V-401 Production Separator,Wellhead Platform,2025-10-01,15540,6.45,5.81,7.04,0.35,6.45,7.02,93
d46c5d73d2848e0d130eb525e83e438e,S-PRS-401,V-401 Pressure,V-401 Production Separator,Wellhead Platform,2025-10-02,11607,6.45,5.81,7.05,0.36,6.45,7.05,132
e74eada4e052fb7a7135ff86b975cdb2,S-PRS-401,V-401 Pressure,V-401 Production Separator,Wellhead Platform,2025-10-03,8707,6.39,5.69,7.06,0.37,6.39,7.01,331
4c4516713ddda77448268ececdcc7d0b,S-PRS-401,V-401 Pressure,V-401 Production Separator,Wellhead Platform,2025-10-04,10011,6.46,5.79,7.18,0.41,6.46,7.13,275
fc00197e776711bee7bd7ebec6096bba,S-PRS-401,V-401 Pressure,V-401 Production Separator,Wellhead Platform,2025-10-05,13206,6.53,5.81,7.2,0.41,6.53,7.2,275
fa471e02ef8c36ff4a1a8cf3ee04ffbc,S-PRS-401,V-401 Pressure,V-401 Production Separator,Wellhead Platform,2025-10-06,10150,6.51,5.65,7.32,0.47,6.51,7.27,5
d7d191ab0befe3b60c884224dc390cb2,S-PRS-401,V-401 Pressure,V-401 Production Separator,Wellhead Platform,2025-10-07,10237,6.59,5.8,7.32,0.42,6.59,7.28,217
f5df42583e828511d5212d6709680132,S-PRS-401,V-401 Pressure,V-401 Production Separator,Wellhead Platform,2025-10-08,9642,6.48,5.77,7.18,0.41,6.48,7.15,301
b4ea4480ce673507c50fc1f73fba68d3,S-PRS-401,V-401 Pressure,V-401 Production Separator,Wellhead Platform,2025-10-09,12748,6.53,5.77,7.27,0.41,6.53,7.2,401
25c47f20250f1fa4ca9a71cbb33c7962,S-PRS-401,V-401 Pressure,V-401 Production Separator,Wellhead Platform,2025-10-10,12013,6.47,5.61,7.26,0.49,6.47,7.27,70
113b0483df67c8271cce7be96aa580da,S-PRS-401,V-401 Pressure,V-401 Production Separator,Wellhead Platform,2025-10-11,13058,6.42,5.63,7.13,0.44,6.42,7.15,169
2ee567aff083e06c0ca5f6b3b04748c1,S-PRS-401,V-401 Pressure,V-401 Production Separator,Wellhead Platform,2025-10-12,8025,6.61,5.92,7.31,0.43,6.61,7.31,85
ea460daa8afdf818b4da4fefd06b412a,S-PRS-401,V-401 Pressure,V-401 Production Separator,Wellhead Platform,2025-10-13,11838,6.5,5.78,7.15,0.37,6.5,7.11,459
4f5f74d2dc323cff7de0495bb4c48bc8,S-PRS-401,V-401 Pressure,V-401 Production Separator,Wellhead Platform,2025-10-14,15791,6.5,5.91,7.1,0.35,6.5,7.06,246
0c246dba91f1a6506d9099d83e0ab998,S-PRS-401,V-401 Pressure,V-401 Production Separator,Wellhead Platform,2025-10-15,10070,6.47,5.7,7.71,0.45,6.47,7.21,80
4809885bb398d27a58ee5ee9d8559524,S-PRS-401,V-401 Pressure,V-401 Production Separator,Wellhead Platform,2025-10-16,13714,6.56,5.94,7.17,0.36,6.56,7.15,393
3e4ed5d952896f02785905f65d28bcba,S-PRS-401,V-401 Pressure,V-401 Production Separator,Wellhead Platform,2025-10-17,13440,6.45,5.83,7.11,0.34,6.45,7.02,483
2843006db4ff59a466628bba25764297,S-PRS-401,V-401 Pressure,V-401 Production Separator,Wellhead Platform,2025-10-18,11433,6.55,5.96,7.12,0.35,6.55,7.12,59
554b93090b52cdf25ad3e91275fb126b,S-PRS-401,V-401 Pressure,V-401 Production Separator,Wellhead Platform,2025-10-19,10741,6.53,5.83,7.22,0.38,6.53,7.16,426
d6d2e4f2cf5197e3364d255a5c7fed4d,S-PRS-401,V-401 Pressure,V-401 Production Separator,Wellhead Platform,2025-10-20,11909,6.52,5.83,7.26,0.42,6.52,7.2,6
37136601e0d184bb5ac1398638dda99a,S-PRS-401,V-401 Pressure,V-401 Production Separator,Wellhead Platform,2025-10-21,10732,6.53,5.89,7.16,0.39,6.53,7.17,117
4651eea1178316c35b643de3fe61acbf,S-PRS-401,V-401 Pressure,V-401 Production Separator,Wellhead Platform,2025-10-22,14596,6.47,5.86,7.07,0.35,6.47,7.04,191
d0fdece397a46d2266467d254e71e6f2,S-PRS-401,V-401 Pressure,V-401 Production Separator,Wellhead Platform,2025-10-23,8262,6.52,5.75,7.22,0.42,6.52,7.21,306
19c6e9b8f0bbb96ffd11a9c2f9a46f5f,S-PRS-401,V-401 Pressure,V-401 Production Separator,Wellhead Platform,2025-10-24,8359,6.47,5.77,7.17,0.37,6.47,7.09,299
fb62aafd1447beec7466f0a575a62193,S-PRS-401,V-401 Pressure,V-401 Production Separator,Wellhead Platform,2025-10-25,12033,6.55,5.86,7.31,0.4,6.55,7.21,45
a9ffad7846ef3bc631416d556591e8fe,S-PRS-401,V-401 Pressure,V-401 Production Separator,Wellhead Platform,2025-10-26,15416,6.52,5.98,7.12,0.33,6.52,7.06,492
5abfe25c769f1067f0bc5719679f13f5,S-PRS-401,V-401 Pressure,V-401 Production Separator,Wellhead Platform,2025-10-27,15954,6.58,5.98,7.17,0.36,6.58,7.17,27
e6c046b2dd192574febcce73f732cf0a,S-PRS-401,V-401 Pressure,V-401 Production Separator,Wellhead Platform,2025-10-28,13273,6.51,5.71,7.25,0.42,6.51,7.2,474
f836b1541be32b50cbbae01894d41b1f,S-PRS-401,V-401 Pressure,V-401 Production Separator,Wellhead Platform,2025-10-29,11585,6.55,5.81,7.3,0.42,6.55,7.24,232
e15ccbd2c0dd66579d8ef0f6c79b92d4,S-PRS-401,V-401 Pressure,V-401 Production Separator,Wellhead Platform,2025-10-30,8397,6.63,5.92,7.29,0.38,6.63,7.25,325
9b0cff42f8fcba67ba18011e0823f02f,S-PRS-401,V-401 Pressure,V-401 Production Separator,Wellhead Platform,2025-10-31,9214,6.48,5.8,7.26,0.41,6.48,7.15,62
b1b2027ad8242e0cb9fe09e5850c55cd,S-PRS-401,V-401 Pressure,V-401 Production Separator,Wellhead Platform,2025-11-01,9813,6.58,5.93,7.34,0.4,6.58,7.23,283
9340426710a71bd8c7a73f10fc3d4e82,S-PRS-401,V-401 Pressure,V-401 Production Separator,Wellhead Platform,2025-11-02,14545,6.46,5.87,7.14,0.36,6.46,7.05,150
08608dfe4f56d85cc916e3650008ebb1,S-PRS-401,V-401 Pressure,V-401 Production Separator,Wellhead Platform,2025-11-03,8558,6.45,5.85,7.13,0.36,6.45,7.03,201
2dffc73595926ee2d3dacd8eb8fea8aa,S-PRS-401,V-401 Pressure,V-401 Production Separator,Wellhead Platform,2025-11-04,13303,6.54,5.93,7.15,0.37,6.54,7.15,242
5466526beaf18f2af7f935a1e3ec9cb0,S-PRS-401,V-401 Pressure,V-401 Production Separator,Wellhead Platform,2025-11-05,10515,6.54,5.84,7.23,0.42,6.54,7.23,398
6b514f646c1d70663959593e752d2cb1,S-PRS-401,V-401 Pressure,V-401 Production Separator,Wellhead Platform,2025-11-06,14980,6.46,5.82,7.11,0.37,6.46,7.06,538
4bb66ee0630cdb5cc5dae0e89f281463,S-PRS-401,V-401 Pressure,V-401 Production Separator,Wellhead Platform,2025-11-07,14871,6.53,5.76,7.21,0.42,6.53,7.22,389
d7794aecb63533bfc5407dde0ed8149d,S-PRS-401,V-401 Pressure,V-401 Production Separator,Wellhead Platform,2025-11-08,10026,6.39,5.7,7.06,0.36,6.39,6.98,128
5fb1671bec90c54fe2718789bc354cd3,S-PRS-401,V-401 Pressure,V-401 Production Separator,Wellhead Platform,2025-11-09,15509,6.53,5.79,7.23,0.43,6.53,7.24,239
7f3c5e0a824eaf0e420e8a6e9352bbba,S-PRS-401,V-401 Pressure,V-401 Production Separator,Wellhead Platform,2025-11-10,10946,6.39,5.71,7.1,0.39,6.39,7.03,233
5b5a2f13fd1ca0ebf7800cd96d528080,S-PRS-401,V-401 Pressure,V-401 Production Separator,Wellhead Platform,2025-11-11,15980,6.51,5.75,7.33,0.42,6.51,7.2,507
0ab83ed84a3b25725bbf375eefa746cd,S-PRS-401,V-401 Pressure,V-401 Production Separator,Wellhead Platform,2025-11-12,14174,6.54,5.79,7.24,0.38,6.54,7.16,52
91cfd35bbcf38726213144b474a8ab04,S-PRS-401,V-401 Pressure,V-401 Production Separator,Wellhead Platform,2025-11-13,11549,6.5,5.76,7.21,0.4,6.5,7.16,290
eb266a26e719eb0dfbc263f95ea1b5e8,S-PRS-401,V-401 Pressure,V-401 Production Separator,Wellhead Platform,2025-11-14,12496,6.45,5.69,7.66,0.4,6.45,7.12,108
d8ed48f6dac64e5aa11e4480c0fc396b,S-PRS-401,V-401 Pressure,V-401 Production Separator,Wellhead Platform,2025-11-15,9245,6.52,5.8,7.22,0.42,6.52,7.2,75
2fd715eeae8f286725c2fb906827aa44,S-PRS-401,V-401 Pressure,V-401 Production Separator,Wellhead Platform,2025-11-16,14882,6.44,5.77,7.18,0.4,6.44,7.09,578
6593369576bb409f7f277f8868fad7db,S-PRS-401,V-401 Pressure,V-401 Production Separator,Wellhead Platform,2025-11-17,9319,6.42,5.71,7.16,0.44,6.42,7.13,16
724db3186d929a106a45e24c68422c20,S-PRS-401,V-401 Pressure,V-401 Production Separator,Wellhead Platform,2025-11-18,13665,6.5,5.66,7.36,0.45,6.5,7.23,265
8ffdfcf79c98e77594507806a8fd991f,S-PRS-401,V-401 Pressure,V-401 Production Separator,Wellhead Platform,2025-11-19,14978,6.43,5.68,7.15,0.41,6.43,7.11,596
646201aed0447f69ab87f0e9233d629e,S-PRS-401,V-401 Pressure,V-401 Production Separator,Wellhead Platform,2025-11-20,11489,6.45,5.75,7.13,0.41,6.45,7.12,80
15e9b60ddb12e2d74beaa7167d214ef7,S-PRS-401,V-401 Pressure,V-401 Production Separator,Wellhead Platform,2025-11-21,8809,6.39,5.77,7.0,0.38,6.39,7.02,28
eae12bc114a1c6214d6909f0aa3e1f0e,S-PRS-401,V-401 Pressure,V-401 Production Separator,Wellhead Platform,2025-11-22,14112,6.51,6.04,6.97,0.28,6.51,6.96,281
0b0b96618626291f1e7dba9dbea10685,S-PRS-401,V-401 Pressure,V-401 Production Separator,Wellhead Platform,2025-11-23,14657,6.5,5.72,7.23,0.44,6.5,7.23,509
429cd4fbafa3b1010db580664b6ced2f,S-PRS-401,V-401 Pressure,V-401 Production Separator,Wellhead Platform,2025-11-24,12643,6.64,5.91,7.35,0.44,6.64,7.36,368
46e353ac588f421943b40baff145c47a,S-PRS-401,V-401 Pressure,V-401 Production Separator,Wellhead Platform,2025-11-25,15587,6.57,5.74,7.4,0.44,6.57,7.29,14
60d7339d4943e93ed1a4f40a3c75d98b,S-PRS-401,V-401 Pressure,V-401 Production Separator,Wellhead Platform,2025-11-26,10304,6.47,5.82,7.08,0.36,6.47,7.07,327
4e81f8396296c86ce70fd786372cf9dc,S-PRS-401,V-401 Pressure,V-401 Production Separator,Wellhead Platform,2025-11-27,15091,6.5,5.65,7.8,0.45,6.5,7.24,535
ab5b726aab6902bb66cc8eb6c067fb9a,S-PRS-401,V-401 Pressure,V-401 Production Separator,Wellhead Platform,2025-11-28,11911,6.53,5.81,7.23,0.41,6.53,7.21,248
47ab1f49ea16d50b2ada6bca3aedb8ac,S-PRS-401,V-401 Pressure,V-401 Production Separator,Wellhead Platform,2025-11-29,10118,6.58,5.81,7.33,0.45,6.58,7.31,352
848b9e0d7f8f0b5a7d02676e3bab6ee8,S-PRS-401,V-401 Pressure,V-401 Production Separator,Wellhead Platform,2025-11-30,11697,6.59,5.82,7.34,0.41,6.59,7.26,70
e30b95800bebe31dd14f7d3f028850b4,S-FLW-102,P-102B Flow,P-102B Water Injection Pump,Water Injection,2025-09-02,12565,139.74,134.04,146.61,3.53,139.74,145.53,36
2ac4ccf6cf9da35ce7c0854e207a1c5c,S-FLW-102,P-102B Flow,P-102B Water Injection Pump,Water Injection,2025-09-03,8068,140.78,135.27,146.7,3.43,140.78,146.41,319
cd5b46b4ee18a3669997f35ced45b749,S-FLW-102,P-102B Flow,P-102B Water Injection Pump,Water Injection,2025-09-04,15769,139.64,132.36,146.86,4.03,139.64,146.24,475
0a92d000929afa1f51cf11239160703e,S-FLW-102,P-102B Flow,P-102B Water Injection Pump,Water Injection,2025-09-05,10060,140.1,134.57,145.31,3.09,140.1,145.16,132
30cff836d360bac4b6c51eb0776a0c52,S-FLW-102,P-102B Flow,P-102B Water Injection Pump,Water Injection,2025-09-06,12273,140.82,135.19,146.33,3.15,140.82,145.99,52
e7f238870dfdc06d31f4103222e983dd,S-FLW-102,P-102B Flow,P-102B Water Injection Pump,Water Injection,2025-09-07,15455,140.59,134.11,146.05,3.36,140.59,146.11,122
1eaf01f73a4d856e3c8304b69f548a74,S-FLW-102,P-102B Flow,P-102B Water Injection Pump,Water Injection,2025-09-08,14009,140.84,135.35,147.1,3.38,140.84,146.37,353
221b98cb5a118256c1067dc05e6a83db,S-FLW-102,P-102B Flow,P-102B Water Injection Pump,Water Injection,2025-09-09,14122,139.95,133.81,146.26,3.4,139.95,145.54,393
83fdccff24fe3d5b0a08031a491002f6,S-FLW-102,P-102B Flow,P-102B Water Injection Pump,Water Injection,2025-09-10,9523,139.16,132.19,145.7,3.73,139.16,145.28,61
461f164802d081c1ca4a0933b61f5d5b,S-FLW-102,P-102B Flow,P-102B Water Injection Pump,Water Injection,2025-09-11,15655,139.13,132.63,149.11,3.61,139.13,145.05,365
3ff17c8b8ed52d7b216ffd1bc3bbafdc,S-FLW-102,P-102B Flow,P-102B Water Injection Pump,Water Injection,2025-09-12,14054,139.77,132.55,146.78,3.84,139.77,146.07,302
8bda05e33b0af76baacc16d9c0d60666,S-FLW-102,P-102B Flow,P-102B Water Injection Pump,Water Injection,2025-09-13,12681,139.55,134.33,144.5,2.92,139.55,144.34,344
131381486a034c99d438bacab19afeff,S-FLW-102,P-102B Flow,P-102B Water Injection Pump,Water Injection,2025-09-14,10648,140.83,135.34,146.22,2.9,140.83,145.59,251
592e22217a55fdc829c3b20c727079ad,S-FLW-102,P-102B Flow,P-102B Water Injection Pump,Water Injection,2025-09-15,8723,139.67,132.78,146.74,3.72,139.67,145.76,128
c785388779a73cd2f76abb2c1c7643cc,S-FLW-102,P-102B Flow,P-102B Water Injection Pump,Water Injection,2025-09-16,10643,140.05,132.53,146.8,3.9,140.05,146.44,99
2a25921bd9e60066f086deab0ee754e9,S-FLW-102,P-102B Flow,P-102B Water Injection Pump,Water Injection,2025-09-17,8403,139.2,132.51,146.48,3.86,139.2,145.53,269
16189e4ade38b53b52cbc912f719092f,S-FLW-102,P-102B Flow,P-102B Water Injection Pump,Water Injection,2025-09-18,12587,139.12,134.01,144.61,3.16,139.12,144.3,444
b183970e66b8d59fb916b1a9628fd347,S-FLW-102,P-102B Flow,P-102B Water Injection Pump,Water Injection,2025-09-19,8886,140.3,134.34,145.59,3.16,140.3,145.48,12
020aa036b8eb1e3f4d6e325d1c2a9e72,S-FLW-102,P-102B Flow,P-102B Water Injection Pump,Water Injection,2025-09-20,13018,140.4,134.27,146.83,3.79,140.4,146.61,487
19a4d6c02274ca7ea8d39ed064e2ca84,S-FLW-102,P-102B Flow,P-102B Water Injection Pump,Water Injection,2025-09-21,13464,139.78,133.62,146.01,3.53,139.78,145.58,52
ae080cf2c63e686ff2cd7cb4ff575ce8,S-FLW-102,P-102B Flow,P-102B Water Injection Pump,Water Injection,2025-09-22,13616,139.31,133.14,145.1,3.45,139.31,144.96,88
841e8d6e4a63a3cf7ca7e71ddb055188,S-FLW-102,P-102B Flow,P-102B Water Injection Pump,Water Injection,2025-09-23,9861,140.69,133.53,147.48,3.73,140.69,146.81,360
345fc6a7f0454bece5c0c003a5e5677d,S-FLW-102,P-102B Flow,P-102B Water Injection Pump,Water Injection,2025-09-24,8396,139.52,133.12,145.91,3.51,139.52,145.28,5
fccb1895dad515da6504cc2b94df7140,S-FLW-102,P-102B Flow,P-102B Water Injection Pump,Water Injection,2025-09-25,15219,140.95,135.43,150.25,3.19,140.95,146.19,308
9bd25f3c36bc10aaf5038e9453da7f2d,S-FLW-102,P-102B Flow,P-102B Water Injection Pump,Water Injection,2025-09-26,8000,140.72,134.91,147.51,3.5,140.72,146.46,94
e50c5dd9b2df77b0ef8db6bf6caa91e9,S-FLW-102,P-102B Flow,P-102B Water Injection Pump,Water Injection,2025-09-27,11495,140.57,132.31,148.37,4.27,140.57,147.58,318
c95e79236b450d4db060a1fc46a3751c,S-FLW-102,P-102B Flow,P-102B Water Injection Pump,Water Injection,2025-09-28,15939,140.13,133.13,146.34,3.85,140.13,146.45,476
7212b96f929ba111b7cab0d23093f7cf,S-FLW-102,P-102B Flow,P-102B Water Injection Pump,Water Injection,2025-09-29,8200,140.19,134.03,146.82,3.82,140.19,146.45,214
1fd86767fe501929a538c96871e4463c,S-FLW-102,P-102B Flow,P-102B Water Injection Pump,Water Injection,2025-09-30,8643,140.06,133.84,146.2,3.29,140.06,145.47,214
f5280dc6160bc69bb291b2b2ad9ac6d0,S-FLW-102,P-102B Flow,P-102B Water Injection Pump,Water Injection,2025-10-01,15964,139.89,131.95,153.79,4.12,139.89,146.65,49
0f26a1cf79080aadefe71d647feb9502,S-FLW-102,P-102B Flow,P-102B Water Injection Pump,Water Injection,2025-10-02,13776,139.96,134.38,145.75,3.37,139.96,145.49,221
d1e99cda4a22bbdaec76425f99371bcd,S-FLW-102,P-102B Flow,P-102B Water Injection Pump,Water Injection,2025-10-03,9557,140.13,134.29,146.62,3.55,140.13,145.95,349
416d8b4a5cb053d36eaee3a88c5ea514,S-FLW-102,P-102B Flow,P-102B Water Injection Pump,Water Injection,2025-10-04,11968,140.32,133.83,147.51,3.72,140.32,146.42,218
1040f2ef874b8b7212e517f2a8153355,S-FLW-102,P-102B Flow,P-102B Water Injection Pump,Water Injection,2025-10-05,8709,139.98,133.93,145.47,3.33,139.98,145.44,232
9278c1914ee80cdf24bdf85bc19a686c,S-FLW-102,P-102B Flow,P-102B Water Injection Pump,Water Injection,2025-10-06,8413,139.94,133.68,145.88,3.35,139.94,145.43,166
49546bd652a4327eb818faa6d72b6213,S-FLW-102,P-102B Flow,P-102B Water Injection Pump,Water Injection,2025-10-07,10809,140.44,132.77,148.0,4.0,140.44,147.0,414
8f5ef7b986bdfc2a0c9a630474f2e15d,S-FLW-102,P-102B Flow,P-102B Water Injection Pump,Water Injection,2025-10-08,10808,140.6,134.9,146.14,3.17,140.6,145.79,124
79f229ada47b2ad9c32336dfdf8697e6,S-FLW-102,P-102B Flow,P-102B Water Injection Pump,Water Injection,2025-10-09,9826,141.19,134.08,147.8,3.72,141.19,147.3,204
b31cb9e924a79d2326f26bb8313cb983,S-FLW-102,P-102B Flow,P-102B Water Injection Pump,Water Injection,2025-10-10,9479,139.49,132.91,146.94,3.94,139.49,145.96,288
13b5adc6b07900279f6041c4eb764585,S-FLW-102,P-102B Flow,P-102B Water Injection Pump,Water Injection,2025-10-11,11428,140.18,133.19,146.41,3.66,140.18,146.18,365
a854589603f2acd26f319a60a136e853,S-FLW-102,P-102B Flow,P-102B Water Injection Pump,Water Injection,2025-10-12,8039,139.56,131.54,147.0,4.26,139.56,146.54,145
a8a38ed10c8024383be5e85ba45cdad4,S-FLW-102,P-102B Flow,P-102B Water Injection Pump,Water Injection,2025-10-13,13316,140.65,134.76,147.12,3.6,140.65,146.55,447
178de27b4b28b1040bd30f43a8a7fbc7,S-FLW-102,P-102B Flow,P-102B Water Injection Pump,Water Injection,2025-10-14,13517,140.11,132.74,147.04,3.91,140.11,146.52,37
6dfcc3af317f3ece4513cf07bd0ce30c,S-FLW-102,P-102B Flow,P-102B Water Injection Pump,Water Injection,2025-10-15,11172,139.3,134.18,144.59,2.92,139.3,144.08,210
412630228bc564ffe596c2421beff040,S-FLW-102,P-102B Flow,P-102B Water Injection Pump,Water Injection,2025-10-16,10474,140.0,132.88,147.21,3.83,140.0,146.27,335
bcf32c12fc713e5be37f0e26ea0352c3,S-FLW-102,P-102B Flow,P-102B Water Injection Pump,Water Injection,2025-10-17,12655,140.81,134.73,147.25,3.57,140.81,146.67,120
ec382997b556b880a66f125fada52482,S-FLW-102,P-102B Flow,P-102B Water Injection Pump,Water Injection,2025-10-18,13938,139.98,133.86,146.8,3.53,139.98,145.77,550
08d2196f224798e4f7ceffaad133248d,S-FLW-102,P-102B Flow,P-102B Water Injection Pump,Water Injection,2025-10-19,13371,140.63,134.19,146.52,3.38,140.63,146.18,284
02de42e459a080ae5baea20494dbebbd,S-FLW-102,P-102B Flow,P-102B Water Injection Pump,Water Injection,2025-10-20,8198,139.49,133.44,145.07,3.17,139.49,144.68,55
d66f42d82e4af8aa429d0c3a198d0d05,S-FLW-102,P-102B Flow,P-102B Water Injection Pump,Water Injection,2025-10-21,11102,140.15,132.83,147.47,4.34,140.15,147.27,382
75018ca8fa153ba5ad7e3c00baf28ce0,S-FLW-102,P-102B Flow,P-102B Water Injection Pump,Water Injection,2025-10-22,15692,139.99,134.08,145.28,3.29,139.99,145.39,506
8d5ac0dd44d31ec323f8d8d979d43937,S-FLW-102,P-102B Flow,P-102B Water Injection Pump,Water Injection,2025-10-23,9811,139.47,133.42,144.87,3.25,139.47,144.81,53
968003cf887c52c3123e58102b216fd1,S-FLW-102,P-102B Flow,P-102B Water Injection Pump,Water Injection,2025-10-24,9277,139.86,133.59,145.81,3.49,139.86,145.59,100
8811e225c518548d8c77454e7401940f,S-FLW-102,P-102B Flow,P-102B Water Injection Pump,Water Injection,2025-10-25,11147,140.25,133.94,146.35,3.42,140.25,145.86,41
02402bf9f73618d7cc35f5df37d81424,S-FLW-102,P-102B Flow,P-102B Water Injection Pump,Water Injection,2025-10-26,10414,140.65,134.23,146.56,3.42,140.65,146.26,77
f788d8fc93918ab67bd10be5bd73b583,S-FLW-102,P-102B Flow,P-102B Water Injection Pump,Water Injection,2025-10-27,14755,139.08,132.75,144.81,3.42,139.08,144.68,47
8815b164555029a84368de5b6ffb2034,S-FLW-102,P-102B Flow,P-102B Water Injection Pump,Water Injection,2025-10-28,12537,139.81,132.48,147.17,3.99,139.81,146.35,327
2c8ee6f13ccf6038bab6b8cd7d674ecb,S-FLW-102,P-102B Flow,P-102B Water Injection Pump,Water Injection,2025-10-29,15056,139.55,133.37,146.05,3.8,139.55,145.78,268
bbe7e97d6e69d3b25c19d3c7a605d478,S-FLW-102,P-102B Flow,P-102B Water Injection Pump,Water Injection,2025-10-30,8709,140.21,135.51,144.35,2.5,140.21,144.31,17
c76b4bf71be26732b78094fafd5aa0f2,S-FLW-102,P-102B Flow,P-102B Water Injection Pump,Water Injection,2025-10-31,13402,139.96,134.44,145.63,3.1,139.96,145.05,72
249c9fc3dedabc5e70efb6fa1b2d9576,S-FLW-102,P-102B Flow,P-102B Water Injection Pump,Water Injection,2025-11-01,11806,139.43,133.46,145.57,3.56,139.43,145.27,324
0eba547cfc08b630ee53e4aec0e1d087,S-FLW-102,P-102B Flow,P-102B Water Injection Pump,Water Injection,2025-11-02,8935,139.81,133.78,145.33,3.18,139.81,145.03,264
a457db1bf5a219a8387fb18f3d38887c,S-FLW-102,P-102B Flow,P-102B Water Injection Pump,Water Injection,2025-11-03,9791,140.91,135.15,146.98,3.34,140.91,146.38,301
d37683273ad639fb82a682da4be673a6,S-FLW-102,P-102B Flow,P-102B Water Injection Pump,Water Injection,2025-11-04,15907,141.29,134.08,147.76,3.99,141.29,147.83,155
ee10c956a3eb203603ae1df8ed719f45,S-FLW-102,P-102B Flow,P-102B Water Injection Pump,Water Injection,2025-11-05,13119,140.61,134.36,147.02,3.87,140.61,146.95,363
c23e9f88f507362c404e95f69d214172,S-FLW-102,P-102B Flow,P-102B Water Injection Pump,Water Injection,2025-11-06,10630,140.21,134.49,146.24,3.36,140.21,145.72,184
1d38b17c90c7e174304234c4c67ebfaa,S-FLW-102,P-102B Flow,P-102B Water Injection Pump,Water Injection,2025-11-07,8868,140.17,132.9,146.27,3.76,140.17,146.34,262
e55c1d61af3e29b8aa343b05cc734857,S-FLW-102,P-102B Flow,P-102B Water Injection Pump,Water Injection,2025-11-08,15386,140.47,134.32,146.7,3.31,140.47,145.9,277
d40f03f8710d835b520ba7d01ccb13e7,S-FLW-102,P-102B Flow,P-102B Water Injection Pump,Water Injection,2025-11-09,12373,140.51,133.74,147.26,3.7,140.51,146.58,183
11204674f75fc0994f0692a3aa56dc10,S-FLW-102,P-102B Flow,P-102B Water Injection Pump,Water Injection,2025-11-10,11702,140.29,134.44,146.14,3.34,140.29,145.77,98
995a0c79959a362d0e5e5d9c7b597a03,S-FLW-102,P-102B Flow,P-102B Water Injection Pump,Water Injection,2025-11-11,10964,140.56,134.27,147.35,3.63,140.56,146.52,189
dfcaeb976ddd5a22f709dd39d2f28cae,S-FLW-102,P-102B Flow,P-102B Water Injection Pump,Water Injection,2025-11-12,12702,139.76,132.01,147.26,4.02,139.76,146.35,219
d174f946b1e0e9cccb651162357a743b,S-FLW-102,P-102B Flow,P-102B Water Injection Pump,Water Injection,2025-11-13,9598,139.7,133.37,146.29,3.7,139.7,145.76,159
c86a6703fd12f3631c2a10cba23e197d,S-FLW-102,P-102B Flow,P-102B Water Injection Pump,Water Injection,2025-11-14,13982,140.51,133.18,152.19,3.81,140.51,146.75,256
3bae8a80307beb8095b8035d08699f96,S-FLW-102,P-102B Flow,P-102B Water Injection Pump,Water Injection,2025-11-15,8134,139.28,133.57,144.84,3.28,139.28,144.65,0
77cea08bc7229e89f19f7793a877450f,S-FLW-102,P-102B Flow,P-102B Water Injection Pump,Water Injection,2025-11-16,8162,139.72,134.59,145.07,2.99,139.72,144.62,72
431d4016ec9c118b9b6219c4274344ad,S-FLW-102,P-102B Flow,P-102B Water Injection Pump,Water Injection,2025-11-17,11275,140.35,135.17,145.52,3.14,140.35,145.5,278
211592de5a5eb32fb196baca1489cc56,S-FLW-102,P-102B Flow,P-102B Water Injection Pump,Water Injection,2025-11-18,8193,139.13,130.64,146.26,4.37,139.13,146.3,204
fc09dcd0420f1ca8e77f5fd2856fb64b,S-FLW-102,P-102B Flow,P-102B Water Injection Pump,Water Injection,2025-11-19,12500,139.94,132.74,146.05,3.69,139.94,146.0,324
efc71d2d3bfb93b9dcecf08890dc41c1,S-FLW-102,P-102B Flow,P-102B Water Injection Pump,Water Injection,2025-11-20,11360,140.58,133.91,147.7,3.7,140.58,146.65,67
04b59f57274915988a8dd2df9de494cc,S-FLW-102,P-102B Flow,P-102B Water Injection Pump,Water Injection,2025-11-21,12133,140.41,133.94,146.77,3.84,140.41,146.71,16
bc9c3bd8166008262d00fc55ef3e065f,S-FLW-102,P-102B Flow,P-102B Water Injection Pump,Water Injection,2025-11-22,12267,139.57,132.86,146.06,4.05,139.57,146.21,29
402a5c65d7aa988b45dd5c6479bcf854,S-FLW-102,P-102B Flow,P-102B Water Injection Pump,Water Injection,2025-11-23,9354,140.33,134.38,145.91,3.23,140.33,145.62,77
16261c1fd4ce574ffb61e0542d07b91d,S-FLW-102,P-102B Flow,P-102B Water Injection Pump,Water Injection,2025-11-24,12718,140.8,134.59,147.26,3.52,140.8,146.58,43
7f2d62a3bb3560b942f34ae8012ded3b,S-FLW-102,P-102B Flow,P-102B Water Injection Pump,Water Injection,2025-11-25,15314,140.06,134.94,144.62,2.72,140.06,144.51,173
83c7bd0bf2116444e0279620b6d83327,S-FLW-102,P-102B Flow,P-102B Water Injection Pump,Water Injection,2025-11-26,9957,140.16,132.78,147.33,3.81,140.16,146.41,61
acbc60bda5e4681ae0fe37b8482c4707,S-FLW-102,P-102B Flow,P-102B Water Injection Pump,Water Injection,2025-11-27,8749,140.07,134.3,146.06,3.36,140.07,145.59,4
19645c993f4a994d365009450bb81d78,S-FLW-102,P-102B Flow,P-102B Water Injection Pump,Water Injection,2025-11-28,14213,139.65,133.75,145.0,3.27,139.65,145.01,308
f1978dacd4c88ee11cf6f1817d79467d,S-FLW-102,P-102B Flow,P-102B Water Injection Pump,Water Injection,2025-11-29,10707,139.71,134.4,144.71,3.01,139.71,144.64,54
52a3d2574e102d36476f94a8d2710250,S-FLW-102,P-102B Flow,P-102B Water Injection Pump,Water Injection,2025-11-30,10563,140.6,134.19,147.22,3.51,140.6,146.35,302
1ef80e4d8591d78d071f70cc6e29d11d,S-RPM-501,C-501 Shaft Speed,C-501 Export Gas Compressor,Gas Export,2025-09-02,12895,6498.66,6491.15,6505.43,4.14,6498.66,6505.45,124
e1d3c8415433d61604981044003f9625,S-RPM-501,C-501 Shaft Speed,C-501 Export Gas Compressor,Gas Export,2025-09-03,15000,6500.55,6493.82,6506.69,3.71,6500.55,6506.63,493
93db8a73c43a84c372ce3e9422455271,S-RPM-501,C-501 Shaft Speed,C-501 Export Gas Compressor,Gas Export,2025-09-04,9121,6500.48,6492.96,6507.74,4.11,6500.48,6507.22,357
515590350a86062024a17c2392b8b5c7,S-RPM-501,C-501 Shaft Speed,C-501 Export Gas Compressor,Gas Export,2025-09-05,10476,6500.71,6493.25,6508.7,4.42,6500.71,6507.96,35
257e6d5e913f06277f5a0fe5a7ae27d0,S-RPM-501,C-501 Shaft Speed,C-501 Export Gas Compressor,Gas Export,2025-09-06,11173,6499.55,6490.87,6507.13,4.66,6499.55,6507.19,397
1d2acd052239df607d61b0e2a6a32849,S-RPM-501,C-501 Shaft Speed,C-501 Export Gas Compressor,Gas Export,2025-09-07,14195,6500.14,6491.56,6508.01,4.64,6500.14,6507.75,51
6ba549e52c88f53d9a8f1186dab06d74,S-RPM-501,C-501 Shaft Speed,C-501 Export Gas Compressor,Gas Export,2025-09-08,12658,6499.82,6494.44,6505.11,2.99,6499.82,6504.73,71
934092071709a0cb96078dc8df643957,S-RPM-501,C-501 Shaft Speed,C-501 Export Gas Compressor,Gas Export,2025-09-09,10609,6500.11,6491.83,6508.77,4.78,6500.11,6507.95,27
275f153dab10c66bbbdfb9d1aff63e91,S-RPM-501,C-501 Shaft Speed,C-501 Export Gas Compressor,Gas Export,2025-09-10,10980,6499.04,6490.75,6510.26,4.56,6499.04,6506.52,279
ab7bdde1014ff9488ace87b3ab5b93fb,S-RPM-501,C-501 Shaft Speed,C-501 Export Gas Compressor,Gas Export,2025-09-11,10031,6499.98,6493.37,6507.02,3.77,6499.98,6506.16,391
238cb9e23814d4934972d73042900a14,S-RPM-501,C-501 Shaft Speed,C-501 Export Gas Compressor,Gas Export,2025-09-12,9407,6499.92,6492.75,6506.26,3.76,6499.92,6506.08,243
0bfb588a038cd14868188f4f13efcb10,S-RPM-501,C-501 Shaft Speed,C-501 Export Gas Compressor,Gas Export,2025-09-13,11687,6500.16,6493.85,6506.31,3.47,6500.16,6505.85,100
fe854ab0df0b406395f1f99e2dcf91f7,S-RPM-501,C-501 Shaft Speed,C-501 Export Gas Compressor,Gas Export,2025-09-14,12034,6500.83,6492.71,6508.0,4.26,6500.83,6507.81,214
2ed1b91cfc4cea7f05de14d61fd0c0ee,S-RPM-501,C-501 Shaft Speed,C-501 Export Gas Compressor,Gas Export,2025-09-15,10159,6499.54,6493.36,6512.02,3.52,6499.54,6505.31,331
31a7b90214fb563c334375297a37f7cd,S-RPM-501,C-501 Shaft Speed,C-501 Export Gas Compressor,Gas Export,2025-09-16,12313,6499.07,6492.01,6505.76,3.89,6499.07,6505.46,131
207b3747adbda04e52ac84ccdaecf872,S-RPM-501,C-501 Shaft Speed,C-501 Export Gas Compressor,Gas Export,2025-09-17,13788,6500.44,6491.18,6509.49,4.94,6500.44,6508.55,174
b0f8800a9d450a0bf82e3bd807974ec3,S-RPM-501,C-501 Shaft Speed,C-501 Export Gas Compressor,Gas Export,2025-09-18,15439,6499.62,6491.19,6508.12,4.42,6499.62,6506.87,525
46d8df3738beb4159ee83fabe41b6896,S-RPM-501,C-501 Shaft Speed,C-501 Export Gas Compressor,Gas Export,2025-09-19,9642,6499.26,6491.77,6506.7,4.6,6499.26,6506.81,99
983db5820417680498d4de98e7a64bee,S-RPM-501,C-501 Shaft Speed,C-501 Export Gas Compressor,Gas Export,2025-09-20,9269,6500.44,6493.99,6507.13,3.46,6500.44,6506.11,250
4cef5e8a5f50e4546d036a609244905f,S-RPM-501,C-501 Shaft Speed,C-501 Export Gas Compressor,Gas Export,2025-09-21,9359,6499.26,6491.27,6506.16,4.14,6499.26,6506.06,95
da5cde45b65242775df29eb45212e881,S-RPM-501,C-501 Shaft Speed,C-501 Export Gas Compressor,Gas Export,2025-09-22,11006,6499.96,6492.5,6508.16,4.5,6499.96,6507.34,119
693f9534b29146f08e83c1c776c2625a,S-RPM-501,C-501 Shaft Speed,C-501 Export Gas Compressor,Gas Export,2025-09-23,13689,6499.78,6492.58,6506.97,4.19,6499.78,6506.65,104
899bbcc7e5607d8f735b9ef8fe4b5395,S-RPM-501,C-501 Shaft Speed,C-501 Export Gas Compressor,Gas Export,2025-09-24,13467,6499.46,6491.79,6506.77,3.97,6499.46,6505.97,485
87c896f8c9279f67628a268d79e9bc57,S-RPM-501,C-501 Shaft Speed,C-501 Export Gas Compressor,Gas Export,2025-09-25,9544,6499.6,6492.37,6506.77,3.87,6499.6,6505.95,21
662f24aaabaa519527b297e4d0f03917,S-RPM-501,C-501 Shaft Speed,C-501 Export Gas Compressor,Gas Export,2025-09-26,8570,6500.0,6492.01,6506.82,4.1,6500.0,6506.73,283
831dca51a97fd6997389aeee80a39c30,S-RPM-501,C-501 Shaft Speed,C-501 Export Gas Compressor,Gas Export,2025-09-27,14215,6500.12,6493.72,6506.36,3.37,6500.12,6505.65,0
28db2ec2a62df5c72421b4e25eef726c,S-RPM-501,C-501 Shaft Speed,C-501 Export Gas Compressor,Gas Export,2025-09-28,9320,6499.24,6491.66,6506.6,4.42,6499.24,6506.49,21
47b7b299808956648dce8dd601d7452f,S-RPM-501,C-501 Shaft Speed,C-501 Export Gas Compressor,Gas Export,2025-09-29,12788,6499.72,6491.39,6508.07,4.3,6499.72,6506.76,365
f265c6f674bdfff125f5699bcc55f2b3,S-RPM-501,C-501 Shaft Speed,C-501 Export Gas Compressor,Gas Export,2025-09-30,8621,6499.6,6492.48,6506.89,4.37,6499.6,6506.78,340
cd33b022d1cdce539100e0f45b3bec6c,S-RPM-501,C-501 Shaft Speed,C-501 Export Gas Compressor,Gas Export,2025-10-01,12806,6499.61,6490.78,6516.01,4.81,6499.61,6507.49,186
c51e1175caf45233d37fcd5a0a640876,S-RPM-501,C-501 Shaft Speed,C-501 Export Gas Compressor,Gas Export,2025-10-02,13582,6500.03,6492.4,6507.3,4.3,6500.03,6507.08,31
fa980c6defc259cbf6e2d7c8aa906221,S-RPM-501,C-501 Shaft Speed,C-501 Export Gas Compressor,Gas Export,2025-10-03,8034,6500.73,6493.06,6509.57,4.65,6500.73,6508.35,62
02b41c1679ccd252813de02af1db6dfa,S-RPM-501,C-501 Shaft Speed,C-501 Export Gas Compressor,Gas Export,2025-10-04,12861,6499.51,6493.43,6505.9,3.5,6499.51,6505.25,48
c3a2368e89db0662ec9cf8b78a15ec22,S-RPM-501,C-501 Shaft Speed,C-501 Export Gas Compressor,Gas Export,2025-10-05,8214,6500.15,6492.03,6508.03,4.22,6500.15,6507.07,213
55e751a0821e82060f46f8c668f5b451,S-RPM-501,C-501 Shaft Speed,C-501 Export Gas Compressor,Gas Export,2025-10-06,12200,6499.6,6493.01,6506.12,4.02,6499.6,6506.19,171
a7361ed2e6680e44ef51d09f43754a0a,S-RPM-501,C-501 Shaft Speed,C-501 Export Gas Compressor,Gas Export,2025-10-07,15425,6500.64,6493.68,6508.25,4.21,6500.64,6507.55,218
3875d282c5c45fd1a72a47b01e7098aa,S-RPM-501,C-501 Shaft Speed,C-501 Export Gas Compressor,Gas Export,2025-10-08,12887,6500.15,6492.92,6506.67,3.84,6500.15,6506.45,358
042a8370f19427da9668d3fb4f5047dd,S-RPM-501,C-501 Shaft Speed,C-501 Export Gas Compressor,Gas Export,2025-10-09,8103,6500.14,6493.29,6507.69,4.11,6500.14,6506.88,156
8632fb560e40896818c087f8c46fc168,S-RPM-501,C-501 Shaft Speed,C-501 Export Gas Compressor,Gas Export,2025-10-10,9344,6501.6,6495.15,6507.97,3.89,6501.6,6507.99,356
b3ada877b497cf2607957777c2185d86,S-RPM-501,C-501 Shaft Speed,C-501 Export Gas Compressor,Gas Export,2025-10-11,11514,6500.33,6492.16,6507.65,4.27,6500.33,6507.34,423
0d2b93069dc3c87d52add21e9c8d73a1,S-RPM-501,C-501 Shaft Speed,C-501 Export Gas Compressor,Gas Export,2025-10-12,14293,6499.29,6490.96,6506.9,4.43,6499.29,6506.55,270
82d912218154035105056bca32b75ae8,S-RPM-501,C-501 Shaft Speed,C-501 Export Gas Compressor,Gas Export,2025-10-13,10399,6498.94,6491.25,6513.39,4.35,6498.94,6506.07,42
77f700cafcc939bb897a4ada17293270,S-RPM-501,C-501 Shaft Speed,C-501 Export Gas Compressor,Gas Export,2025-10-14,14478,6500.34,6492.46,6507.3,4.28,6500.34,6507.35,276
49bb8f6e9d894a25997c1ddf26650a4b,S-RPM-501,C-501 Shaft Speed,C-501 Export Gas Compressor,Gas Export,2025-10-15,10469,6499.18,6492.78,6504.9,3.43,6499.18,6504.81,58
b5dc4d0a49547101c42b0245b125d01b,S-RPM-501,C-501 Shaft Speed,C-501 Export Gas Compressor,Gas Export,2025-10-16,15506,6499.22,6491.99,6506.46,3.92,6499.22,6505.64,299
e1ecdceee1f00624600bede480218dd4,S-RPM-501,C-501 Shaft Speed,C-501 Export Gas Compressor,Gas Export,2025-10-17,15677,6499.82,6491.68,6511.3,4.44,6499.82,6507.1,59
b103ddbebddcc0892ecf657f3b8081a0,S-RPM-501,C-501 Shaft Speed,C-501 Export Gas Compressor,Gas Export,2025-10-18,9280,6500.02,6493.54,6506.97,3.98,6500.02,6506.54,130
f92253bf6b1b9b3861b049ab2292bc60,S-RPM-501,C-501 Shaft Speed,C-501 Export Gas Compressor,Gas Export,2025-10-19,9525,6499.21,6491.27,6507.15,4.48,6499.21,6506.56,288
d5a473656a998b66ccf69e5a09143010,S-RPM-501,C-501 Shaft Speed,C-501 Export Gas Compressor,Gas Export,2025-10-20,15653,6498.89,6491.87,6506.81,4.1,6498.89,6505.62,625
e56af3c81d2ff8b0f312c84fe7e76056,S-RPM-501,C-501 Shaft Speed,C-501 Export Gas Compressor,Gas Export,2025-10-21,11975,6499.22,6492.39,6506.11,4.25,6499.22,6506.19,34
7d7faaef6699ccd3da44d43408ffa271,S-RPM-501,C-501 Shaft Speed,C-501 Export Gas Compressor,Gas Export,2025-10-22,8929,6499.71,6492.53,6507.37,4.22,6499.71,6506.63,263
cdfb84b0b01f2d5fa0224985aa41c94a,S-RPM-501,C-501 Shaft Speed,C-501 Export Gas Compressor,Gas Export,2025-10-23,15467,6500.67,6494.8,6506.92,3.66,6500.67,6506.67,437
e9efdfea9da2a9374b400d541e090ada,S-RPM-501,C-501 Shaft Speed,C-501 Export Gas Compressor,Gas Export,2025-10-24,9134,6499.19,6490.94,6506.77,4.35,6499.19,6506.32,81
a043b4ce0f43eb2c49651baaa6d7ff80,S-RPM-501,C-501 Shaft Speed,C-501 Export Gas Compressor,Gas Export,2025-10-25,14410,6500.58,6494.09,6506.78,3.85,6500.58,6506.9,202
f9c0d8c882beba49a58d21c7b7202937,S-RPM-501,C-501 Shaft Speed,C-501 Export Gas Compressor,Gas Export,2025-10-26,10671,6500.06,6493.94,6506.41,3.56,6500.06,6505.91,67
c13009b4e500dca96dd228d1a3db8356,S-RPM-501,C-501 Shaft Speed,C-501 Export Gas Compressor,Gas Export,2025-10-27,12197,6498.35,6490.87,6505.66,3.98,6498.35,6504.88,377
d55ed1f3750af4e45f0cb80815976b58,S-RPM-501,C-501 Shaft Speed,C-501 Export Gas Compressor,Gas Export,2025-10-28,10635,6499.77,6494.23,6504.99,3.23,6499.77,6505.08,151
eebf9f5c9136588547a3a7ac4f03592a,S-RPM-501,C-501 Shaft Speed,C-501 Export Gas Compressor,Gas Export,2025-10-29,11141,6499.76,6491.15,6508.39,4.7,6499.76,6507.46,154
9b92a7b418156398983757d12274fd67,S-RPM-501,C-501 Shaft Speed,C-501 Export Gas Compressor,Gas Export,2025-10-30,10200,6499.18,6491.02,6506.78,4.43,6499.18,6506.45,55
c0ed0ba3bddcb6a8851fd6f1508564b3,S-RPM-501,C-501 Shaft Speed,C-501 Export Gas Compressor,Gas Export,2025-10-31,12681,6499.7,6491.69,6506.51,4.22,6499.7,6506.63,257
c2a178f6e6f3db76ac8a7be45e2c23d8,S-RPM-501,C-501 Shaft Speed,C-501 Export Gas Compressor,Gas Export,2025-11-01,13806,6500.09,6491.93,6507.52,4.22,6500.09,6507.01,478
c2c7649f519c0dfde98cf11fb712089f,S-RPM-501,C-501 Shaft Speed,C-501 Export Gas Compressor,Gas Export,2025-11-02,11394,6500.31,6492.59,6507.32,4.19,6500.31,6507.19,430
5baee181d3643b189d71f22d13290a4a,S-RPM-501,C-501 Shaft Speed,C-501 Export Gas Compressor,Gas Export,2025-11-03,12180,6499.9,6492.02,6513.02,4.06,6499.9,6506.55,451
03f5ec208e22bfd9159086b72622d3b9,S-RPM-501,C-501 Shaft Speed,C-501 Export Gas Compressor,Gas Export,2025-11-04,11514,6500.46,6494.33,6506.65,3.36,6500.46,6505.97,384
337af4f21df62ec3f90a85625e3b911b,S-RPM-501,C-501 Shaft Speed,C-501 Export Gas Compressor,Gas Export,2025-11-05,11522,6500.35,6493.18,6507.94,4.03,6500.35,6506.95,233
9860db7ad628b03a7693c2dca64b827e,S-RPM-501,C-501 Shaft Speed,C-501 Export Gas Compressor,Gas Export,2025-11-06,12187,6498.87,6492.04,6508.93,3.84,6498.87,6505.17,113
6e3e3a7b9a2120464d256880fd9ee213,S-RPM-501,C-501 Shaft Speed,C-501 Export Gas Compressor,Gas Export,2025-11-07,11480,6499.79,6491.6,6507.96,4.31,6499.79,6506.85,302
83c548074e68ec93f0d6671ca6dc2bbf,S-RPM-501,C-501 Shaft Speed,C-501 Export Gas Compressor,Gas Export,2025-11-08,12960,6500.15,6493.52,6507.42,4.07,6500.15,6506.83,479
8d0bb4d3b992ae6bd1cf240f61bafb57,S-RPM-501,C-501 Shaft Speed,C-501 Export Gas Compressor,Gas Export,2025-11-09,11423,6499.52,6493.0,6507.03,3.86,6499.52,6505.85,256
e72df3d4f904cd2ea3e94edf311644c9,S-RPM-501,C-501 Shaft Speed,C-501 Export Gas Compressor,Gas Export,2025-11-10,14572,6499.39,6492.03,6505.9,4.07,6499.39,6506.06,109
9c35550eb3adab5b146f1c8d1e80ab59,S-RPM-501,C-501 Shaft Speed,C-501 Export Gas Compressor,Gas Export,2025-11-11,8376,6499.23,6491.86,6506.12,4.01,6499.23,6505.81,109
0b30b36247e4d800cafc76e7acc1c9cd,S-RPM-501,C-501 Shaft Speed,C-501 Export Gas Compressor,Gas Export,2025-11-12,8323,6499.08,6493.62,6511.31,3.41,6499.08,6504.67,260
b7c7bff9c624d70e7495b63c7c91c197,S-RPM-501,C-501 Shaft Speed,C-501 Export Gas Compressor,Gas Export,2025-11-13,10364,6499.83,6492.64,6507.51,4.09,6499.83,6506.54,2
1ded06cd8c46a4c8291fcc1fdf8a589d,S-RPM-501,C-501 Shaft Speed,C-501 Export Gas Compressor,Gas Export,2025-11-14,15500,6500.26,6493.01,6507.75,3.99,6500.26,6506.8,192
2fdb6a47038f52ab50e750be7e2897ab,S-RPM-501,C-501 Shaft Speed,C-501 Export Gas Compressor,Gas Export,2025-11-15,14350,6499.52,6493.28,6505.94,3.58,6499.52,6505.4,248
7b141ab75a0e72d57f684ba764837590,S-RPM-501,C-501 Shaft Speed,C-501 Export Gas Compressor,Gas Export,2025-11-16,15734,6498.89,6492.05,6506.21,3.8,6498.89,6505.12,443
93700a9b5bcf5f3de5e1a71e718ab058,S-RPM-501,C-501 Shaft Speed,C-501 Export Gas Compressor,Gas Export,2025-11-17,8649,6499.25,6491.38,6507.23,4.28,6499.25,6506.28,72
eacbda10658885a3a065b8f2cc4ae76e,S-RPM-501,C-501 Shaft Speed,C-501 Export Gas Compressor,Gas Export,2025-11-18,14706,6499.98,6494.84,6505.64,3.12,6499.98,6505.1,421
961c74e3a8fb1a97fbf57d67b2f17657,S-RPM-501,C-501 Shaft Speed,C-501 Export Gas Compressor,Gas Export,2025-11-19,13984,6500.07,6492.19,6513.65,4.38,6500.07,6507.25,401
968bf8a845a5df85225186f8613f101b,S-RPM-501,C-501 Shaft Speed,C-501 Export Gas Compressor,Gas Export,2025-11-20,14066,6499.41,6489.99,6509.07,5.13,6499.41,6507.82,539
ed7b5625bb283abce403e93bc129e6a6,S-RPM-501,C-501 Shaft Speed,C-501 Export Gas Compressor,Gas Export,2025-11-21,12821,6499.04,6490.53,6507.8,4.56,6499.04,6506.52,88
6375e22a4e5bee330dec278fb89dac20,S-RPM-501,C-501 Shaft Speed,C-501 Export Gas Compressor,Gas Export,2025-11-22,13658,6499.61,6491.92,6506.81,4.04,6499.61,6506.23,208
dd05bba74e3c85146c9818c28f25c6da,S-RPM-501,C-501 Shaft Speed,C-501 Export Gas Compressor,Gas Export,2025-11-23,14395,6499.78,6491.37,6507.12,4.44,6499.78,6507.06,28
01b8b53568d8a28960b9b79271e158ca,S-RPM-501,C-501 Shaft Speed,C-501 Export Gas Compressor,Gas Export,2025-11-24,12047,6499.98,6493.76,6505.56,3.37,6499.98,6505.5,110
a05d28e78b951fb785fb27e919de392b,S-RPM-501,C-501 Shaft Speed,C-501 Export Gas Compressor,Gas Export,2025-11-25,13699,6500.14,6493.66,6507.07,3.62,6500.14,6506.08,123
744ccb24e47e8add2e8e98a32a8042ff,S-RPM-501,C-501 Shaft Speed,C-501 Export Gas Compressor,Gas Export,2025-11-26,12737,6499.21,6492.49,6505.31,3.45,6499.21,6504.86,434
5e8d94ec25190b9733f530348d789507,S-RPM-501,C-501 Shaft Speed,C-501 Export Gas Compressor,Gas Export,2025-11-27,11676,6500.56,6494.8,6506.59,3.38,6500.56,6506.11,232
86013bea626eab2c17c968a9ce8b6c5b,S-RPM-501,C-501 Shaft Speed,C-501 Export Gas Compressor,Gas Export,2025-11-28,14909,6500.37,6494.55,6505.96,3.14,6500.37,6505.52,539
886515c8e5aaaef604600cbe5f3bc83d,S-RPM-501,C-501 Shaft Speed,C-501 Export Gas Compressor,Gas Export,2025-11-29,15106,6500.58,6492.58,6509.19,4.52,6500.58,6508.0,185
631656275f5ddd7d0e1c48fc6a73edd7,S-RPM-501,C-501 Shaft Speed,C-501 Export Gas Compressor,Gas Export,2025-11-30,9475,6500.05,6493.2,6506.72,3.91,6500.05,6506.46,146
